feature_1,feature_2,feature_3,feature_4,feature_5
-7.023664400983252,-2.7803081284395352,-1.5966139706441353,0.21973770128613968,-5.967201605688214
-9.421251211323872,9.129557115715652,7.242582487652321,-4.713934152707759,-5.261544337668992
-9.370978364438614,9.43405160816732,6.121731462437837,-3.4080977481863144,-7.59114365477099
-2.59848565714545,4.1523851180947124,3.1032973742266665,1.5943174568509915,-8.751301964098545
-0.8058491627818518,10.445288773438126,5.616965713186798,1.5002658169802134,-5.741173360411369
-8.024196761125268,-9.992041281316958,5.913668263835406,3.2665124977617985,3.8707123477617036
-1.9593002539074778,7.604466448707289,3.869078460223061,0.38434940110730453,-6.973645837061028
-8.762113755673456,10.065357754987279,5.410372291805222,-5.529172563027694,-5.817290211775996
-5.936583584999147,-1.9890114498870697,-3.1444594731580553,-4.9414944324511945,-4.9192344540543855
-4.375252836748837,-8.246320461901538,5.529698322445927,2.689204237194387,5.956398785889386
-2.536967327041335,8.581298169818114,5.123956676735236,0.7323232686122476,-6.100607419789512
-10.107832695269904,-9.91705773549964,7.006827557257162,0.5415309441373997,3.9645661052824517
-2.8696857202899526,8.452054916873925,5.706318788533339,2.639564651169792,-7.42107643987989
-6.045764579174957,-8.154496098513599,10.57102643285033,1.057022889293961,5.553211748042765
-5.509732653926072,-10.043096182656527,9.562555768937987,1.6156148333003224,4.1294006143982545
-7.526115007711066,-5.340250387008436,-1.6702777606098902,-2.0854643863484617,-4.299489731883901
-7.717972540781872,9.305191029190839,8.076026731595565,-6.302978316986555,-8.919308036098066
-9.915378957172512,8.12674615031126,5.6707194831188446,-7.38766734244806,-7.540643518049543
-3.19752401735616,10.632307378345265,4.582116131977041,1.7142287340295026,-5.554137284921262
0.35492733765244555,6.91643476746961,5.484332691263957,0.9972058302579916,-7.610315266798314
-7.176117223736936,-9.065237682116278,7.031160494969682,3.7229553801647723,5.051786639342202
-9.702883161522404,-9.661415118247453,7.462790267210376,2.262084822860276,2.619938844531972
-6.50474615175962,-4.492569473424368,1.3064914104862422,-0.046845876370835926,-5.177934988309364
-8.467433758257208,-6.692919238171234,1.6705131298426674,-2.37906421909884,-4.652773487653092
-2.0650172074558863,9.405869036468156,4.647549021191793,1.6212889838780116,-9.002683304226892
-4.138615894854868,-3.2422014940374546,1.9381094162525188,-1.7166175821766267,-3.050566836903595
-5.591427531466597,-1.9710605481371513,-1.1656065925589203,-1.909358532635584,-4.402366026387945
-5.50218606836251,-4.7374555880594045,3.380297324882187,-2.523022082185558,-6.709191752990054
-6.08546765487547,-0.6208204275800471,1.234608320416446,-1.4473762566658799,-2.562402093103815
-6.463062796097096,-3.0926756994774975,1.9195204896914895,-1.4502223990664262,-1.3921622238477669
-5.973336603742896,-7.514828163150897,6.645387416249083,1.3172370132249234,4.560268900398982
-5.307075280748112,-4.087358513947841,1.3452862219210266,-2.3471584581497718,-4.248864742326837
-2.561265277610615,7.261269071769023,6.354113058000632,3.101069232970893,-5.6930792705867
-2.568530353837733,10.036537174257258,4.682356400423793,2.01780389318435,-5.472201482187273
-4.486576539455142,-4.810616570890856,-3.0903279185593995,-1.9794307446943904,-2.8052065980130516
-2.8478620737825535,9.115578435230207,2.502756556907916,1.156595597152958,-6.713243306586471
-7.343923208850741,-9.966562365021884,7.802284681127474,4.032975903898892,1.348692851452292
-10.839794682321324,10.544241715599176,4.334650543193967,-6.702350331262036,-5.468838949485359
-7.2230094662859745,-10.329851818548779,3.4800224273057374,1.7357585909639222,7.780374688340283
-2.3451054311454107,10.102936064046359,5.361392683833171,2.308995720359429,-8.065338874319238
-7.046948685298997,-10.194189218833195,6.220228001614053,3.8764399976798316,5.798416736812312
-4.724015005113628,-5.234079314427228,1.0180213124362278,-1.5488612697324315,-2.9050940402117904
-2.891663449184033,11.270275611072353,0.6634241236385834,3.6104299618244244,-5.010499402404827
-6.003490122567221,-5.873666879862782,4.977160497932126,4.448119097317111,4.317985462205728
-9.05062968676952,8.301762629666676,7.785735590893865,-4.724956178249171,-3.5905874059133707
-4.571746387982657,-4.3239722228519595,-0.01576942772003498,-0.6108850774868595,-6.210820550588524
-3.47905694941654,7.391964122776729,7.170591288836949,3.2956293193649078,-6.891586153126196
-9.244698081775397,11.009674062313229,6.9853623011755595,-4.397191454292505,-6.809723957168763
-7.571077790503137,-4.945676290358492,-1.5307053138697175,-1.4749068031852202,-6.7024185618787415
-7.269429609651822,-7.730112035304756,8.246574141518284,0.6191421817972826,5.7904247301834575
-6.8378378572222545,-8.852006251602315,8.95236626424607,2.7343475841841047,4.123911117803193
-5.857372320627107,-5.243028169995579,0.7667227468013808,0.5938174288164104,-3.2961684954499866
-4.681324135298736,6.903090466633489,3.5622125043494473,1.652998956372961,-6.413265842754263
-4.364623689369873,7.033601208571907,5.422791184653448,2.418646693790511,-6.503887915632455
-9.532768641620224,-8.353576185358838,7.1021190360507,1.3232454820618123,1.7693969550207158
-3.5469386480883918,-4.637804097449458,0.9818165391735328,-4.066893816001233,-7.763351502508697
-6.060033059028248,-3.22474770333579,0.7873921430499644,-2.89064260672097,-3.865874539050985
-2.592574629418433,9.434239067678051,2.9516452652805367,5.6417976533659715,-6.6857954181884285
-4.807928475240217,-10.776721799294439,8.358084623366494,1.267838079037161,4.556682378917499
-4.343761639288706,-6.025377655055553,1.373984934391731,-2.466254831079118,-6.298317983925442
-2.584554787226456,8.655864057898707,3.2785333431657047,1.1080126880882328,-5.7465403524126355
-5.995557686128386,-4.434794899819595,-1.9222224060094844,-1.755088907631937,-4.679997614155866
-2.0199980896895733,7.137615763620367,6.025919365038453,1.6958164792762485,-7.663711721929829
-6.77327356138601,-1.8802800620672722,0.19459976595351147,-1.013336488955413,-2.4563719798260637
-4.987227342204959,-10.19692620792994,6.342873407525474,1.1288082937989374,6.223108695677135
-7.120356203909401,-3.8665446207990413,-0.5135997613647469,-1.0261933732772939,-6.788749734992074
-10.665188450205354,9.05241010546951,8.4184406285495,-5.46205634000444,-7.160322097769385
-7.497967030200184,-1.5769713640639047,-1.800563481970308,1.083363569511513,-4.734430571967123
-8.477780087889006,-9.296164813168012,6.409254612259779,1.7418432803860067,4.24642644326657
-4.337533032629818,-9.772301799237688,7.615434098354568,0.9085943563171033,2.18141778908985
-7.086167275875042,-8.252630481742676,7.168690286099959,2.420343758963618,3.287313569503536
-7.591301521101347,12.278748296456278,4.814510286675089,-5.646337161568138,-8.303762093664131
-2.395189535934133,9.822420116867875,3.258868446609052,2.227210919994849,-9.00019893650874
-6.876584794664673,-6.926340431926761,-0.08739177480698035,-1.8195282937601547,-3.2249256588780733
-2.749351813625666,-2.1387701730149864,1.5793689751230255,-1.1934008898526027,-2.6646813951441577
-1.4862681661103043,8.548885993308138,5.126128364960764,1.777955102389205,-6.734133243662193
-2.736875265606125,9.896761937925186,5.06136663783065,1.0391204042098412,-7.191810566687183
-2.195902230545617,6.074780942378658,2.6475997628804557,2.2684615377444173,-5.771927321158154
-4.737923866750034,-4.478605639457549,2.52179976762483,0.5780183071196254,-1.6798179478239512
-5.7016224885888365,-5.199902496923044,0.6416341977672604,-3.2578472375901337,-6.8650768748410265
-10.631852429879547,8.021006568115023,8.508228825670777,-6.347562303587116,-4.760931655316963
-5.417313148602302,-8.086686501726243,7.607895340396818,3.5238693737148874,0.10660311642205311
-9.691261183212154,7.34572448499067,9.629766814854648,-4.386173703172394,-6.204869968950767
-8.000927111997681,-12.474688147045423,8.649591010040277,3.1275660805028256,3.739460220243589
-4.04104684874882,10.076820799147352,5.0055799068849,1.1270517378356395,-8.800083789157611
-10.00802562764946,7.951390350874599,7.4078011461922335,-6.845626090044396,-3.115916554148084
-3.042810664773568,-9.684699154622093,7.6003498702942585,4.335465163715989,7.170590888159593
-4.891452608509118,-3.2214297047089646,-1.2739250498041685,-1.102718047541129,-3.168120438445581
-11.863273938215137,11.613598682417297,4.897183489106533,-5.428054440790533,-8.009454447307254
-4.799636713758527,-2.5367828588217516,-0.19435652576473816,-2.9808632988299157,-5.0957986040833525
-1.5307133054326207,6.649697892721948,6.854689360816945,4.0433067151619095,-7.817971243415564
-7.568971479779829,10.181572997266553,6.50197994634408,-2.344565705764154,-5.02994497243815
-5.280858884750448,0.30682652589958437,0.33861444316441935,-0.7711390521496997,-5.282502821531248
-3.9829287133602147,8.677336403202785,5.464956984764929,0.5206530016452791,-6.72156393193233
-9.97257974282702,9.035950874433718,6.556206516218242,-5.034055509305381,-5.051725044659204
-8.425576873031776,10.227757172018423,6.999889497538158,-6.126010713546151,-4.562703168147179
-4.201153372024729,-4.085376109632457,0.8274663430810731,0.4910282439095075,-5.723350059180813
-7.6994762656546705,-8.25062174853219,5.10515556233751,2.297340114532909,4.138486782161416
-7.380838827909962,-7.078640800256048,7.877986203795844,1.8613470188578323,4.833026944636325
-3.855079180281497,9.127992965488911,3.624136268959934,3.4358492840673587,-7.100213263404478
-6.129111011204132,-8.76366722586457,7.334117653440968,1.0318185256540051,5.209694186224711
-2.561680358798193,11.670487081651586,3.6994282495464503,4.691842520936126,-5.817999287968057
-5.874388667414127,-10.446113606196244,4.9928847664746066,3.2491347219017186,4.7260658450671835
-7.768263235454142,-4.799153487950289,-0.1928293215068695,-0.0760459067938517,-1.6593515643309273
-7.140867324626229,-3.335581160037154,1.751774964964641,-2.3799456069471177,-8.546801180764573
-6.762101156538727,-2.775882809580084,0.05749068425695153,-1.4508388424525407,-3.435076889537724
-4.065066854542435,8.72877811107291,3.3264514561509655,-0.10102991250577187,-5.490360869853808
-10.275082693357685,9.159153695021025,6.092978672407261,-7.775288454344728,-7.435521671343635
-4.32678717632309,-8.477197987403159,11.226047586769296,2.8705647033114916,1.5203074171871824
-5.051966815729972,-9.158492063031323,9.55961212077363,2.245301420667343,3.65582259924385
-7.967222413130468,-5.393464541890641,-0.9594869468072544,-1.195296650946775,-5.114890110313672
-9.547990969285722,-8.358850017757545,6.567253168987196,1.9000162252117068,4.682966281228413
-4.60993497841275,-7.892110229803844,5.787242679004896,4.803439084365458,5.993002099208939
-8.342017909617226,-3.2668301046703645,-0.5269417199596036,0.09063940888012101,-2.6847438742435026
-6.906135587350777,-4.1007485602215,-0.10139090777714876,-3.137145464491524,-4.775265789235867
-9.059552661548631,8.542669993619365,3.91794786518566,-5.348131748847344,-9.231883118987653
-4.153610253395553,6.85420980430688,7.03163643106556,0.7027276614632403,-8.366715715335731
-10.096993532989009,9.95328871614332,6.463253795858801,-5.0665093715458,-7.108898693534955
-8.859255679957496,7.077241059832337,8.272889396839046,-6.459904764161295,-6.503954938966744
-0.21487214386182973,8.777274280329838,3.999557231306971,0.45501312105048086,-9.361912198949923
-10.506560489816183,10.13500854135788,6.111808746387957,-5.962313587429328,-5.254020928270981
-9.22632721170878,7.671675917810625,7.2283377927257755,-6.059924617913659,-3.7302871083847524
-0.7720313128026484,10.201780169142726,5.5760585618063345,2.915687947837152,-6.897997350421642
-7.034653972971797,-5.0533030277123085,2.5214071286932653,-2.341618338113814,-5.384982589716236
-3.623695517029226,-9.102156475284515,7.508330125675432,2.849528298924877,4.226855225479589
-8.685132633495225,9.506252335165502,6.330539361156708,-7.1810954764678305,-6.247279878079694
-5.8632966139795855,-9.819441281327146,4.5775735702140175,2.7891041341516467,6.221939373665346
-3.4082601574834097,9.022151677775597,4.710349726875214,1.2980714767218666,-5.945352292630022
-10.539738885618055,9.044242062423429,7.7651313814809875,-5.120898661129635,-5.963273061414885
-0.72865216471218,9.9723814612421,2.925371467132376,4.423316982392376,-8.599145280679302
-8.950470952220801,-3.173096660146697,1.0702811797502236,-1.975062338301267,-2.6665304283445366
-2.4815467234546604,9.535658686240827,3.830239315764059,0.8057125958372631,-6.585859308504748
-7.396593291281627,-2.446820802974077,-1.5624860612505014,1.052071656443875,-2.9330726607622273
-6.0220234307047305,-8.931614282134976,9.010052955304458,1.5211843883942648,5.008360444761309
-10.680425760866934,9.958219882806983,7.117420131708293,-3.9641150383098553,-8.250302889721318
-10.271619403119757,8.0643358008974,8.081803653365064,-4.439147597639786,-4.154494642231515
-3.2856145716070073,9.349968055656669,4.615244492118974,3.755759594112858,-3.0892285523408374
-8.569889632440601,8.179593519833755,6.575308804751381,-5.993757908001723,-5.867223698934621
-8.650048088837398,10.726044267723372,5.760318882530355,-5.567896242501104,-3.432264505232558
-6.57841261175941,-3.5970151111979827,-0.9949094167281687,-2.8849178676426526,-6.258231026785978
-4.563902092421367,8.88186305567144,8.509442842709579,0.7676578319861358,-4.420951982985169
-5.663897183536274,-7.648094675807691,4.700724955641432,3.9788105991814042,1.6677135738673972
-8.315835965618511,-8.322645934311183,7.250544388143027,2.0714957279815556,3.0237085538708044
-7.053160487199293,-2.870903145070312,-0.2814102266590648,-1.4932364932012951,-0.9205123139183469
-12.119326634750017,6.70735829643805,4.615681561340002,-6.816749222880213,-3.433611949568135
-8.360672837092407,-6.290537725490616,1.1146270008514536,-1.6822011737494773,-3.606309099631497
-5.4118225171032535,-8.710350542788474,6.1111243330373135,0.7766336250293278,4.945222713819545
-4.452210565778959,-2.730275557537967,1.9494821712741175,-0.8708165262420292,-6.259365291355646
-6.438773399755706,-9.189939457110494,6.147874417119109,0.9864886563897866,2.7871636826990454
-2.538654321442772,9.843021059824043,4.975750037325094,4.019380328901498,-6.691790437179409
-8.452067390077723,11.454001259234957,7.691657166134434,-5.327591250942225,-7.8453106672091115
-5.967272211440275,-2.4881957743600207,1.2854755181434478,-1.6474079564874549,-4.472710710608741
-10.178604898038545,9.6662391184556,8.492674992454011,-4.848575759011227,-7.6393035739785535
-12.853907683748233,9.66591203906797,8.792139377728788,-7.964415984497635,-7.24239216583462
-7.138981440666532,-2.7183894709655956,-2.293876524845329,-1.292862412661557,-3.3379125612216027
-6.6634734982368995,-3.8111004368221413,0.7840240107417149,2.2270648257533034,-7.3244515926677
-4.22173219827133,-6.346438934814206,6.637878530619295,1.118982144321505,4.864612940033444
-3.3055007824332314,8.280126964420989,6.206120151831709,2.996006918380199,-4.10956620254722
-10.346930170476856,7.809835662654985,8.871347919702334,-2.8093370006382847,-6.357957148086217
-2.080399536965393,9.51597131317886,5.627695245237347,4.988476492090257,-7.145048032392344
-3.140610317126761,-8.84743412394585,8.581259077176167,2.145044272685523,4.013117076134195
-7.483255158896165,10.445051952048427,5.984286784315712,-6.472457237533342,-5.918637338146845
-1.7713188657929915,7.033936317667358,7.387066985009632,3.7423298650226626,-7.5833906693083275
-9.851656032332775,10.401179250376746,6.795954125316853,-3.8094101136399554,-7.441749237271083
-5.392046068971163,-9.100767391679124,6.189905176259436,2.827065000219781,2.813749583234353
-6.99403612873973,-9.318099041518277,7.551159903871814,0.769585882419141,7.295759638463069
-9.44862753271562,-4.395601847614208,2.960195866351558,-0.8201277900039927,-5.470657603486562
-3.7957988983654634,-10.493140305218535,6.991642480120046,1.6070802850307946,4.62256160263456
-8.865210023080872,9.951296764216165,7.239548763332813,-8.644726655452892,-6.781825747084122
-8.124585035066888,10.775878709153506,4.780276751338858,-5.670816619934704,-7.427870437981746
-9.037526560751996,-7.459484354773205,6.321306787190212,4.832246899190494,5.781523654492881
-1.995109603486194,9.699415956928997,5.494529756576407,2.6447325239667046,-5.915543051349954
-8.289112684004078,-9.054459090218433,5.508980801237042,2.9221933298584823,6.457577804436455
-1.6941573344828476,8.02035048977955,5.49577683911784,0.8282809491269567,-9.586950342148048
-8.627495711471791,9.582814345724158,6.479160737234825,-7.702042331603213,-6.014320541447742
-3.706643489860431,6.945307286176531,3.543483776315223,1.9234792246300363,-4.187790395874589
-10.087600720657719,9.258116754889963,5.85485464733588,-8.024923250205628,-5.88111083884913
0.26921965371065637,8.994040291091421,3.053312442794251,3.2069870520955153,-8.710892666107803
-5.271348587311243,-9.385756850950338,6.064708414490194,0.4550864438326254,1.211916671856906
-2.180472131556842,9.388361653764454,7.006058755873313,1.8302263853603038,-6.461094902495761
-6.659920075297623,-6.419996814252874,8.668781889297001,1.6195042630054273,2.824663217797978
-1.2589041806393633,6.0236826643411385,5.200963690999459,3.81467317265067,-8.694088719188079
-7.1705987821955235,-9.913561237540218,4.523717989889113,1.8982792061001268,3.9788302933459834
-9.291601133953034,-8.561216888292424,10.358932244343162,2.032500001704172,3.8763930034186673
-4.351288788255572,-5.226808613319123,1.4365380789875037,-1.7803608221024854,-4.412875413053657
-7.439359321413598,-6.247881979785903,6.724068637076799,2.3593273234920047,5.560337803730544
-5.978299469882274,-11.004109980836322,3.879251485792846,1.1964949606268003,2.330382917049671
-6.958055375915472,-3.399074258464046,1.0176412415139475,-2.707844726796129,-4.906975255462278
-8.732316459686889,-5.741079179139964,0.734322392850951,-2.7002809003955113,-3.404995499692517
-0.5154688278541031,9.309067882750528,5.703384472610869,1.838566142509892,-4.719451367977061
-5.8955642165463145,-6.908452811486853,-1.1867369774968304,0.03301535002853795,-4.373622079391482
-5.074450212037688,6.992007995039752,5.754774977262174,2.229467841132645,-7.155602195680289
-9.094649946018757,11.277460994881112,5.976515891558211,-6.791593280333322,-9.316885369482112
-8.062448224941111,-2.783055193707532,0.7942646116249079,-0.6515422039173624,-5.143775304092253
-4.2356879891862045,9.57783315571683,3.738920801349894,1.5356290592508168,-7.782187109495365
-9.36180080116553,-1.7522376321064108,-0.2734327283702831,-1.2773037173909398,-4.639891767021253
-10.501194698943502,8.604730481143863,5.064016351868057,-3.9185931857914893,-6.751782256412735
-10.013018459199602,8.946907422528646,4.834637412880228,-5.169749692406201,-5.98629024244722
-3.684077561557106,8.531193853889809,5.860154662282606,0.12687320928979906,-6.538437289245076
-9.599226782528469,-4.7093555860697585,-0.3476345163827913,-0.6420581970135517,-8.112642780600329
-7.702540538011848,-8.598300417856828,8.07619701975002,3.698398458717867,6.334200400760299
-10.42163028331425,9.70478059064435,4.845628526894302,-6.346738854068873,-5.887320763982725
-8.950142817807693,9.731631826941166,8.567151535978525,-7.181692357542673,-7.378993363545785
-7.6119767054945005,-5.602365436737755,6.414950530993695,3.1354432928781364,4.610390426530647
-6.186850594153032,-5.801863321705731,5.2787619086094875,2.306859486279769,3.1684782892259955
-5.9664024119151815,-10.476796903644878,6.8489102409565,3.8419467848329507,4.374026926380766
-5.749346209086071,-4.057391487730554,-0.27704537972735566,-0.9958043208781682,-4.2660227898345235
-12.45234424534489,11.37565053051889,6.757873602502448,-6.3704575032777475,-6.497351887190161
-7.594440903592935,-7.5267439855669185,7.71736490900159,2.312685101915492,5.437798499172867
-5.806354478351817,-5.181641196583852,0.6488555958820685,-2.0853410133680628,-6.847154817737612
-10.846188811754798,8.0681756598147,7.451078820527301,-3.909747032700884,-7.31946227640118
-3.140165607200789,8.500214353408168,3.4364629323956732,1.7312411164417183,-6.273550905929462
-8.077144154291153,7.515813041236447,6.925918528180061,-4.3463444801684945,-6.344751672997112
-0.25410017040202426,10.33032956406183,4.3084325754836055,2.013498442432528,-6.567052979229941
-6.780682461572475,-2.7017762367201663,-0.38155430513090005,-2.4851361612918517,-4.5077220924147685
-4.179342821009666,-6.979908227226854,7.638012038410642,1.2848459564161046,5.372135450876875
-2.443480415084086,8.793783125755589,6.085697511420466,5.288954186327759,-7.7158648686630205
-9.634417652930892,-8.076340766267196,5.6684730062378925,-1.2070356545645486,4.744319462717355
-10.675540877395441,-9.267334089456176,8.974962367996559,4.959821416195067,2.3171271642422835
-9.012825593388712,-6.586327278702781,6.8395031572355,1.6460507101816046,6.153742768694496
-8.02503874954382,-8.781421003464608,8.348516404715307,1.7083295054951333,5.770918627569927
-5.025789836048719,-2.4919354961018154,0.6911636693413308,-1.5733882572081077,-4.889110362046513
-1.6680208335003985,10.638862992961236,6.220581914280456,-0.09333436799490435,-8.286364751023955
-8.404725083020672,9.523936985133927,8.764541533813691,-5.138573592495231,-7.655132521118343
-7.883718701265821,-7.2784707255418954,6.415099605893407,4.76131480518458,5.178340362929813
-1.6333053450638042,8.475347992017733,5.525861082266565,3.6362250548150934,-5.648903919355224
-6.530285396380695,-7.408622805766143,7.754209163301439,1.1036441729035187,4.703706843730061
-6.695957924669246,-6.75017039758366,-0.18706344342178205,-2.9208094236980116,-5.0868867140993705
-10.041378363318747,8.90402536371925,7.746658872440879,-5.2506307428083,-5.88926672008382
-8.73366957828598,9.691419640569823,6.500585014149476,-5.099254702184409,-10.161869783687516
-3.3475803939601327,9.580103940795103,6.988164880079612,1.8745442923312503,-7.712426481191068
-8.761543728029821,-8.397990858386066,5.288650208563595,2.721945208514465,4.107989332474683
-5.0012901382618935,-3.484993972235366,0.27432071461636137,-0.5138360892575013,-1.721720486835439
-6.471326112851706,-4.27440802384187,2.1703792959396884,-1.0814753725416157,-5.272864804401953
-8.40960610131412,-8.873655982947367,7.061991528644449,2.360262117925588,3.607161162670871
-7.460805567960218,-8.906444583534368,7.361605546312318,-0.857209499432309,4.140694936779553
-8.909115022041249,-11.121866535962848,8.992555477983592,1.0784051443249925,6.4620431207956575
-1.8019950873487565,11.837322872910871,6.658008905460568,4.362949623899827,-7.646450705798047
-3.3343008513469057,-10.017306805588484,5.2519560107680405,2.478028128271489,5.243795313610124
-7.649304682166523,-3.765324709195426,1.2162455022967333,0.883965984011287,-4.917865416591271
-6.4029658567479775,-6.288420285828437,-0.9154697420817726,-2.2022409876274756,-7.229747950323066
-8.440254383715754,-5.392644829534769,0.7931486469658676,-1.4797006399545196,-5.044103360492781
-5.653460144475516,-6.753016433110041,8.160238375026497,2.0378291646292466,2.1936972073956698
0.005458345360173755,9.504677188844566,4.311228043014805,3.2172780557159655,-10.196330154663098
-8.23104069524775,-7.8807398682234355,6.8305952018752265,2.92708138148769,3.34528055274962
-0.5927002793701128,8.126929044944577,5.460524907983158,1.669880705289891,-7.2061489959921
-6.004108739314905,-2.4009474579152923,-0.7722835252454874,-3.6096235678452873,-4.313184342541594
-5.102021923978472,-3.428644825786943,-0.30395961468059807,-0.10160383051090194,-6.211693505802064
-6.971100813997878,-9.900937907001705,5.052951326579462,-0.6824092795197418,1.7852476414126741
-3.1687942104640126,11.184752954728921,4.934711000995463,3.5209364931436844,-9.107967750706727
-7.808710878654276,-3.9240872046283397,1.6711328016108793,-1.6434916297871451,-2.3857477772626194
-5.602632615588416,-6.83921277379288,-2.5804075532815434,-0.25232888510533336,-3.414886787836126
-4.187292559407464,-8.493221617848906,8.070137549135794,3.0211866129458675,4.7938314718425925
-11.06701582708569,8.97196439634669,8.440997108823842,-4.411247005073669,-8.422789833079584
-6.527000243261754,-1.411550852069749,-0.9187083760430572,1.0610685589070918,-4.658459427777249
-5.903204872739225,-5.182886078448484,1.3252121072563974,-1.4119874660495484,-6.56755113328416
-4.343995667275768,-2.6744819979605934,0.7320901010219348,-3.2689781288267694,-3.858322344833173
-5.427832602476655,-9.335290331410995,6.405167813737078,0.3945744450274784,2.923335760952476
-10.995198478888549,9.723134506346815,5.1102237905480195,-4.1019856888005695,-4.771444208548287
-11.476067480096953,9.07267146760333,6.1861286333247065,-2.1131430569161935,-5.714060917816943
-2.3912448375786144,6.01698510140016,6.014370348281823,2.492902397787721,-5.382612026361792
-2.378627020695493,8.56577510249952,4.7775200010313545,-1.0081836879606074,-7.209135022907538
-6.4067300341235,-5.484336768403002,1.205239756213457,-0.9246785806484571,-2.7386577493767597
-6.2736674608334,-6.984654468902779,5.71694239602513,3.0426243930398496,5.950212824637871
-6.919891482149537,-10.161139733477587,7.078922469583057,0.9049462676545019,3.1486841434593367
-7.960991676108453,-2.032049726619401,1.9139330981709757,-2.7119851559617776,-5.874594622940779
-11.654736365215307,8.551036036983472,8.180927759152533,-2.6205536271295893,-8.742475624214926
0.320081228763045,9.27615284744608,5.026204422312248,1.8615008102914812,-9.757784014099833
-10.49542711089127,6.0898479575912825,7.994452111339134,-3.8409052245163937,-5.3862176688487295
-5.9279676740602225,-3.982494685993051,0.7688801785435774,-2.366272427839035,-2.417840323964922
-1.1664077930111518,9.967043830721275,6.214207909207104,1.17031686659988,-4.903536092699781
-5.443114341954682,-3.300700962783255,1.0305877715451466,-1.239181994073387,-4.232256818614408
-9.577542413722037,6.268480555683259,6.889587251968655,-2.4344212273386137,-6.903559558993462
-7.2264091540431,-6.658436761654459,5.31561421591383,3.0616781694115924,3.252660324782569
-10.812635980896898,9.515411637694358,7.941307002755352,-5.54462718845435,-8.728995379144482
-7.133342178060962,-8.733249511966239,9.06634036941099,0.6312705335783146,4.519005030023086
-4.548981834522629,10.133666477239153,5.608105107939714,5.218051768898922,-7.341294543580771
-9.51930599320404,8.041275480749237,8.407988083909602,-4.7550925508968085,-3.4516745011623637
-7.229566173802894,-5.365036977287218,0.39294349489282765,-0.815143680878578,-1.0356202977242441
-6.977373782863287,-6.141240138195748,0.1824263168341454,0.44881260513818755,-6.466168980923633
-5.264793933733081,0.7542101607565161,1.7071829167478645,-2.6331980242034483,-4.811056719073216
-6.572856482219565,-4.641416067682351,-0.9542408469851238,-1.6241673110057213,-3.438158725168986
-0.2961632976284223,10.30077556300135,4.399971041282961,1.9446453720866987,-8.383421238107983
-2.4580724206639113,7.859326281610359,4.990557703914223,-0.36067378536470907,-6.383306842829585
-7.4429041637618525,-9.31490040177036,9.245988608004357,2.8588368259518626,2.494264620515361
-2.175996965602181,8.296163195703105,6.523513024588382,0.6312587306114761,-7.1599346573933085
-3.198238972363116,7.739519574001134,5.885382561044469,0.6890439450774313,-6.772277835322181
-9.016045321951164,-9.238306250487632,6.679656285050711,2.9051301395202556,1.7642650280952874
-8.106494080032906,-4.294300023453523,2.0392482840777464,-0.1660467365515721,-4.1526427822285115
-3.099205841543791,9.057403362600548,6.557556630139049,2.259818285970587,-6.809972368917047
-10.17319567392312,9.635277278120084,6.503917310986101,-6.3771681783555145,-7.7821197469031596
-6.045535016715758,-3.969651052872758,0.7155315802247889,-2.144296982187674,0.4398733592315942
-2.9140100259928072,7.546140554524861,3.973438946113934,2.5391204235080105,-5.744144266183242
-5.87124904147185,-5.988504854293187,7.1245722959248425,0.5605062778582135,5.822072559851368
-4.720410295775958,-3.1705549642083337,3.60772619166757,0.40909263345460634,-2.458977593199253
-2.229047476337133,7.881211729668338,3.722602131740179,-0.1368219613316013,-8.264477060317626
-3.7533488836685924,-5.259654128697338,0.8240821384454113,-0.17331066157558395,-5.031377841339331
-8.790300815851037,9.94068863511041,9.290635003309497,-5.753688295352139,-8.136311843989189
-6.82195412271087,-5.47902168281511,-1.2632219975102028,-0.664544831837824,-5.001245093601893
-7.914701254372208,-9.578011990235668,9.488970920701924,0.13753989344529116,5.381259336042875
-1.136094446499639,9.507412792687848,3.845238530577543,2.743070833610766,-6.73401086712921
-1.7622001861845755,11.191001539890884,6.078785075355912,5.202943370208066,-8.030648535483344
-5.99135808463399,-4.401257403622701,1.3822918602725396,-0.3407690864426485,-3.7143118414596286
-5.766918356668109,-8.72517729828362,4.92057419765295,1.6532065026692528,2.8965816629466214
-9.47851462758141,9.172832560042496,8.436414061669034,-5.8787947262082945,-8.04281984843274
-7.7233616331434,-9.152160567252801,4.798365627167278,0.8134951351198925,5.6087290055670955
-3.7329130505009074,8.898633564077166,5.151606798453067,2.3882058829357606,-5.638852317597234
-10.192924097681498,12.385526996546988,5.400760858733651,-6.578390710839285,-6.584038791004263
-6.510352425627939,-8.090995133890832,9.033746473280603,4.393111264716736,2.638810268179106
-5.542104777422863,-4.631271200098446,-0.4796116956013974,-1.234847281879141,-4.156174230723634
-6.075130464485017,-7.059771524641515,8.401952881496303,3.5163717635729004,3.0262589230667176
-3.4082865912187836,5.828442541733612,3.8512463037069598,0.8344706916101852,-6.654036511436958
-11.44445007141781,9.56230975098934,8.641814058380783,-5.283441075637007,-7.273255738181597
-5.110421610178836,9.949419541451343,6.178558286749839,-4.370515533468598,-5.639468825044169
-7.500165367161976,-1.8885458021895367,1.8244154155219507,-1.4550589931485374,-3.8107320082698215
-7.800213588587356,-9.292032286368203,6.7412576876868595,2.277924568427407,4.402312527495706
-8.160836502714615,-4.769329802547411,0.3090965515597617,-2.9574296373837083,-4.190184409014736
-6.777973921795983,-4.284730244581068,1.9746933915036629,-2.429059468046069,-6.489622023403511
-5.9700250045716725,-9.113122684716592,8.125281388219529,3.3537833736749296,3.680450117585121
-6.87830138023261,-10.063960703238296,8.31239141814731,3.4286554413040133,1.7501117593674476
-9.626101534581244,-4.1583411040290335,0.7097017874631858,-0.08668164438336556,-3.1361308196830064
-9.302356727186414,10.81016291439111,5.100066960717126,-5.156327211514263,-3.6495411312583226
-10.90579472985356,8.83118519471256,6.996021699796795,-4.783483479845821,-6.687002112179436
-1.3285707174390722,10.752179496709427,3.408855358700536,3.4182338778072148,-6.260455800746523
-8.900730058756725,6.267656515336783,5.771926220022636,-5.79980618574083,-7.728025781330738
0.18733216722153356,9.975550420098836,3.783110351553906,2.8320438559749697,-4.780594036272267
-5.1830923837104015,-6.338985321924955,0.9446001644007794,0.037552679274315715,-4.7980676294842155
-4.347846117556262,6.817723807883591,4.976556564068059,3.543817137858964,-4.353735653964467
-8.519242070791954,6.5734717311520106,6.090374236601551,-5.097248005876036,-6.085737350613116
-4.456735357953599,-10.689851064455894,6.434826526769362,1.982691599425785,4.581693294150319
-0.1824696597689659,9.18779807963761,6.408824612323841,2.0744474060558953,-3.7885053038282894
-7.096887599349223,-10.026957638135952,6.861580621040143,-0.8181217655665027,4.481392116980317
-7.124298952384388,-8.776948993542428,5.820241731826494,3.1335367529943645,3.391631206213531
-3.9936048534406217,8.825605748048849,4.723466204661143,3.614456961647155,-9.418324135723498
-4.3010427339650015,-5.849554726883833,6.173538033823681,1.1979645310013054,5.450833386390611
-7.518232490473172,-3.8641429964670255,-1.5524040604951956,-0.3088574542706135,-3.3971104253789783
-7.706888167768747,-10.065626081769471,7.318461229382275,1.767023301076783,3.481609481929996
-7.076707406154277,-5.6453937797864215,0.8968940894442572,-2.5964020830964594,-4.952796154330965
-6.068605458563427,-6.680845516030364,-0.8403481393850505,-1.45721627338076,-3.3709808317633763
-6.482623383788882,-4.001241195311559,1.1109537606361821,-1.7077038433442056,-2.0856453091368024
-1.6435894322819402,8.709718049133832,5.196597646285064,1.067191903867001,-6.74974250994192
-8.499717699549663,-2.915750632743961,1.3620964181040929,-0.49505433949769284,-4.368406365567245
-6.955910506613089,9.425799489415043,6.98674899187976,-4.714133653759188,-8.267496400678036
-7.489567739020636,-1.5008741421452862,0.8363724462428379,-0.4071480010900783,-5.408531213781052
-8.422199084937183,10.098203516189008,8.930362156747506,-7.176592567671733,-3.74245585898465
-3.519433559418553,9.432777371534025,3.3868582563384653,5.190893375600814,-8.66102481969554
-4.9815478319788955,-10.137590028957762,8.777708716288808,2.6630917776717027,3.1921105911552043
-7.858556266546753,-5.456260468098262,-0.06477373626721383,-0.394321889689748,-2.7830486590226746
-9.709209738029092,8.148612957738749,8.021938229348677,-6.577528198327779,-6.538649529550858
-4.0284443035543855,9.485657127091232,3.2778427229462848,-0.14528586806220511,-4.681154037768939
-10.509493961596425,9.609671092657976,9.031793208073829,-4.710114074609029,-8.075013420487096
-4.2171432543616785,-10.62878300427073,8.702254175913705,3.523173711928643,3.1555212423059418
-10.66697429125773,12.472915186918776,6.6498770444446595,-4.580022784137288,-7.549849728359318
-5.231588082672525,-3.901979658462024,0.13860365720328083,-1.2461860214801956,-4.9430625329526166
-6.875540563045825,-8.182920502016486,9.109492327678215,3.446631438026161,1.9341046032460536
-8.595698904256938,-8.675488197971225,7.2736779295320115,1.710124948955366,3.968645288762513
-4.9256935641709365,-1.4625555490179662,2.462668806553749,-2.9993120173007846,-4.555931312352733
-4.264205361739067,-3.7414182599688264,1.079535418782739,-4.691731140560374,-5.972366839865053
-6.2412787839863935,-8.809606090512382,6.361292551932239,2.7541086621707866,6.867973720601023
-6.044063199121769,-0.9926411736245258,2.0327923615174175,-2.34194720964605,-4.134447126262003
-5.612169249881074,-4.318123770773859,-2.2594110430108385,-2.010260452540268,-2.9846894953234377
-5.025913510566619,-8.705341370193855,7.619496476607097,1.0958223917126504,3.6873422718803344
-7.684054760947019,-7.626241059214292,7.8744538856007145,4.77957575005686,3.826252582363131
-8.893532921182574,9.694135441686695,7.115815826172763,-3.203281724569906,-4.756185927505659
-5.95137820176815,-5.752084552068462,7.354713477011815,0.9302958230204741,3.8871068942636486
-9.644666081553172,6.801395088072498,8.89126015718829,-5.691229338028549,-5.698997460186925
-6.850684606734962,-7.8290359026857805,8.21124411611077,1.49123916845264,3.3010488965755576
-8.728618394222151,6.7193973053387195,6.109408307329742,-5.301556777646864,-6.087748881374231
-8.900799027570491,-10.295748814401987,9.124143777415341,1.036958816407082,2.5910850818979996
-5.07288613158392,-2.6059186143007937,-0.9541064524108682,-1.4801822637662394,-4.6261161191202165
-5.5014948687942935,-9.273739572918988,7.724611386606558,2.504846944158196,3.1593158754563357
-5.125724604634287,-9.182413872738053,7.258307490777909,-0.2743610189694077,4.932833689947661
-7.392044255955295,10.893485203438598,7.06980742274364,-3.115287060141777,-5.8053424469476935
-5.064748239258774,-3.9234955812813515,2.2628976673423917,-3.421203960612309,-3.3955639867460325
-6.146328898054452,-7.886245553793356,8.988072678433038,2.6370282202569446,3.799565073993095
-7.293017315788925,10.395587786692497,5.262006644441286,-8.149616540827626,-6.854026632272644
-9.862163575653263,7.913260354411865,6.596341400999082,-6.969719081877744,-8.034570331100978
-1.757821841616179,7.547953261000495,4.78887729437194,3.1002503689984158,-9.383735112833328
-10.377681898860082,11.480703710552557,6.0713200984391404,-5.178734309323084,-6.151614945726793
-2.8082961228801873,-4.9892202952230065,-0.1298093257784365,-1.4557841468245576,-3.5817189229745408
-7.851422301728685,-7.722039799386105,7.051686655671548,1.0482406773820365,6.143407604330427
-8.577796270699292,-1.9937457758091544,-0.5030048145494335,-0.27824439900047304,-6.080415092129975
-4.475429166663327,-3.3455036867479016,-0.9569400051206107,-1.8265611852350405,-5.096901912183603
-9.200318392300868,9.717306707026376,7.823163418431294,-6.399906140797126,-5.751421385602854
-7.503644370127995,-4.304855351960514,2.892935800789269,-0.15790693923050614,-2.8820819282086956
-6.640351583396195,-3.790906285032096,-0.597129218809966,1.261105976523568,-2.6153244661852972
-6.614878285066849,-9.658347883516909,6.916040250009623,4.532478370311981,6.172143133606431
-1.2245994315675417,9.335426744393628,2.7712706681601196,2.232941072717505,-6.301651121558015
-4.512214161117902,9.584582904707267,5.555757454153836,2.812855355837292,-5.258456102819338
-3.086821043677225,7.998903127739384,5.5573932694894035,3.5196689676846584,-5.482707012476972
-7.5770355392235365,-8.536588272826751,7.748454722817916,1.6339427743080597,5.041492258133821
0.0073535980619108265,8.18390376563633,5.493353455006014,4.415764618633539,-7.4483188026325005
-3.8871755427790475,7.508074978070219,3.488182488571909,1.9211423528605602,-6.528305092346489
-1.9735287657851306,11.231127195310595,3.8624735088176303,0.7604292796009506,-7.632262756528075
-7.0862823652174844,-7.409015935831603,9.741940302481671,3.9946719152402466,6.621398349977998
-8.096169807763495,-3.1838146951791675,2.2679652720846994,-0.639737488034342,-4.4792035366364065
-3.7577309827090932,9.721409462777928,3.8115442698066446,2.9225674105739983,-6.575242659874321
-10.224664614181016,8.543447650881747,7.14311591936795,-8.028978331441996,-5.2376319045753394
-4.695617297025777,-4.609564408847133,0.2702175540260932,-3.510827348944753,-4.962410806639365
-0.21008925354888364,8.851145905513036,5.242446419376513,3.008385671507401,-7.4814578989800244
-9.543262895337827,6.169621726326115,7.9635362842628385,-8.095457620097266,-4.10837091321449
-8.377687752058383,-8.385639906906812,8.47264333307574,3.862700070690637,4.0112204412009795
-8.823534926282083,-3.1602770436849883,-2.5999760960744247,-1.8371253655214874,-2.763644396409207
-6.109709433421372,-9.637379016128877,5.568647661933271,-2.2860930850582983,4.120179198344954
-8.377200534247565,-9.414284664564537,7.698823224876245,5.015801469540122,8.82632938992895
-0.861032345071965,10.252410651680366,5.860143290229059,3.9313878946722256,-6.8481214287021315
-3.768023907886708,8.5504675644215,5.136773983333447,3.436487374624271,-7.598388547919205
-3.5237860761416546,11.715696777564546,4.579641910261587,-0.17299296923634033,-6.687470568785086
-4.685959521615761,-6.26362718821764,-4.016319876895879,-0.5043305178288722,-3.8099313604850895
-7.876627575744092,-4.100171236878412,0.9586997971937381,-2.3446312063498507,-4.528984063324164
-5.566673599558548,-2.006299896416391,0.6845999318695575,-2.0647959084732985,-5.664716197667479
-9.06383504313441,7.050992886196804,6.791869115170398,-6.148390110557851,-5.3447864927006945
-6.794589905930319,-8.435439338341125,9.6162255551175,2.784053869298611,4.968895674495358
-5.547075024325774,-5.74563617572521,-2.5308795645388598,-5.609588514633897,-2.9544459057425496
-6.849656861106018,-3.181273338194754,1.524658965166557,-2.6194386381962897,-4.073659425163755
-11.567180905982102,9.0937260871464,5.448794969411966,-5.848504648357509,-4.507343453831779
-5.894564287908365,-6.451162582218924,-0.9726206861551523,2.7717269884221674,-4.633833117269866
-0.9637724420049869,9.372469866738092,4.251315617497046,1.6786449103132646,-6.987029080272366
-3.668435444859108,8.659058218088308,3.9118335144844463,2.095980893020216,-3.407639341141007
-4.039862763849575,-2.5838991896881565,1.636398614111974,-1.2709706352349397,-3.592949187903987
-7.494033250445603,-9.624460353537899,7.552055223549286,0.7886703362908749,5.842997556907616
-8.127842905621614,-8.939095191710043,6.249882931832575,3.0453783334331055,6.3923207889248
-8.312793462299975,-8.20292915824582,10.417310294363421,0.42100086348276644,4.197780740930046
-4.759185826355435,-3.183492909182738,-0.6062213503117995,-1.5733940831644564,-1.777934484577612
-5.566384425819531,7.502156661822216,1.8336909546893176,1.445899457878769,-6.851999622366942
-5.766085965736363,-8.114954327615024,5.467029282007756,3.3260343314480854,5.492387811821022
-6.345842645283048,-3.4546835317798887,3.215240180417892,-1.8754179194940312,-3.757894244072157
-7.440452789966173,-2.9366596335442257,2.636086679078582,-1.990251756145511,-3.0406846645650134
-8.491239735221463,10.283830135117082,6.435633010597616,-5.245186809551942,-4.819314433460452
-8.71527026345686,9.78886043824022,5.840590031719328,-7.266049812548789,-9.307439193366857
-5.700860356403606,-4.782036306058312,1.8168487138648108,-1.3591110940560744,-3.582285717957104
-4.2417280116446765,-2.8493314873625675,1.139139866847359,-0.7916401545787369,-5.009595316180333
-4.6128684404112015,-8.171414802905314,0.47021311915589376,-1.519827763404232,-4.855871777426685
-1.9895253088072866,7.9942490458305855,4.988259381969606,2.412778393888754,-7.951154318190822
-8.06758473100123,-5.914847672975956,-1.8321397409436364,-0.3680218750199754,-2.392521961408649
-3.3494691833482046,10.135226535883215,5.555434234378299,1.94181729299451,-6.703636116188097
-2.4896947852358897,11.194587243934297,4.242893586371167,6.05342343382516,-5.941126169503761
-5.285705530583798,6.895298154922593,8.236945610834255,-6.012420392529173,-5.205620423602975
-1.8710112803753032,7.563821913504502,4.568311802015131,1.9677658753048795,-8.617174224940085
-8.80639025656323,9.880714855304635,6.9009425249586664,-7.245940509214546,-6.635755399061488
-6.732105229724441,11.837135416282981,9.977023166180636,-5.991785602034554,-5.920063922737345
-9.677611831618012,-3.5751287680673496,-0.3472079868511808,-2.1907343525288834,-3.131621437398483
-2.669743162984587,7.461422644569261,3.8094048782073284,0.17635284505745918,-3.9325394917766863
-8.682128779701173,12.853655171397069,4.42968648129885,-3.8643679267542783,-4.643839350256896
-7.794958843848699,-1.959893242907107,1.492182750644422,-2.190480883208638,-2.6726799155162553
-7.434025302145251,-8.623245055622634,4.659170066151223,2.635279452085182,2.6173942936478016
-5.619282971664974,8.500254737077798,4.082717537234414,-0.13809785813599973,-8.046352222537584
-8.180804916842296,-9.825502490248896,6.8679338723337064,0.003493849654353287,2.932564766338662
-8.304976625552882,11.872418384725767,8.254768655977216,-6.847621491145591,-5.821374679948333
-8.448741670857698,9.256508971576881,7.278267774044613,-7.049042227319126,-4.444303258371361
-4.291735952660854,-5.78196889093633,0.8444307637851046,-2.2731088415636704,-5.697136786100282
-1.981114528281305,7.136976991912656,6.8055257423379905,1.8499429163518788,-5.203683443769078
-7.840311866465522,-3.374908864890595,-0.3113400040249674,-0.37799388238232967,-5.780704540380659
-8.274375883564561,-11.083121639271129,6.348487013888356,1.8971432801786343,1.9869837263731136
-7.060788696021187,10.242518333501419,5.329131285755354,-2.772626118885315,-7.1599570025759345
-9.141072415098163,10.35618729620454,8.236030303639161,-5.20178802611991,-6.141366526160573
-7.4415665488907745,-5.917071051174594,-0.08338031382201505,-0.7093456580207266,-3.815108430119827
-6.037548391931243,-3.0964750705107122,-2.762228474495914,-1.3732694295753105,-3.9382833580543846
-6.858699991521296,-10.269236885730978,6.712968446108532,3.0517779202992266,4.32029323559376
-6.391415118402697,-8.546751304270007,6.793773476282671,2.5300260000567123,3.7183494407123647
-4.221507684093698,-4.641332882686472,1.9280324884555655,-1.4192139696419996,-5.087943343058168
-3.0330841795303933,8.531833551372248,7.755000811569363,2.546072862288062,-6.2345647203646655
-6.853580690343284,12.146848185369413,4.430494393995341,3.635443909047007,-8.439486081839567
-4.993808403333743,-4.799993617442658,1.5431618529203224,-1.323283325847562,-6.490094537953467
-11.082033206269294,10.374901405975372,7.936529490993434,-6.105148641370597,-6.306143663417945
-3.742569984477875,-5.246149329092902,1.6528228984982491,-0.8267204440985598,-2.2831383172358874
-11.22621096467692,10.733568294494649,6.906611825698732,-4.923340956457301,-8.126892564295265
-8.829481448667343,-7.593729129817248,8.540617747236091,0.2999053017352482,5.3896180215532
-3.8349837773544495,9.244873787116614,4.7271919138971015,0.25871423719479747,-6.342946150628845
-10.498360556231896,9.715122581659095,8.448971250648727,-6.491071457693785,-9.1783297149208
-10.274262596714136,9.333961971272524,6.735886918221029,-4.48057146312655,-9.733834656834896
-4.3125468730624315,-10.896179471033044,4.903180818683591,4.229055726104589,3.8474660401931096
-7.289758527066777,10.147993228850442,4.549893553805523,-5.201743846947345,-9.513540417335424
-6.987508471063047,-11.115138376657224,6.787979114288789,3.3578749801438548,5.024259080080759
-3.2001557794924316,10.599969467526694,5.155306270580794,-0.6713905491033687,-6.393501237059078
-3.5621851547628833,8.019934751871899,2.535970928528561,4.597534798721141,-8.745422044238197
-0.0056653351186608525,8.624899101152915,2.385164406550942,1.6045550878118156,-7.288712545772776
-1.132404702470586,12.197520423717272,6.188576727054821,-0.30588526499028834,-7.605978300450647
-4.451219836634109,10.7555263092661,3.938327034260264,2.492925506536806,-6.950008059470046
-7.849699016650105,8.893814935218279,7.287087715868781,-3.957347400966635,-8.421011201703687
-3.4863246284744225,8.288457377116838,4.159357873936621,2.609418603543607,-6.095373959098021
-2.075444657191023,12.697236338064663,3.683268859851127,1.1766742514380055,-7.814337980788417
-6.716331039308683,-4.269029934777431,-0.11519923411180477,-2.16323463342417,-3.732960012475929
-6.748226187404651,-1.9782443822854272,1.1277987440210637,0.6041882349636603,-4.49935797656451
-7.985314413615107,-3.3938127201039174,0.6251751817663521,-0.8275962043128411,-3.888051101748027
-10.72345607960784,6.113314485772056,8.440741146779033,-4.315639056671413,-6.2860091905813675
-2.326182901084708,12.854412935601513,4.495788986641126,3.6970796733692457,-7.934391828840101
-3.799817670978679,8.437452811853584,6.149318050049763,1.107831879656009,-5.626089023053558
-8.413712628615027,-2.7693646133591114,0.4154684300993913,-2.1875723324650593,-3.9233941852403684
-9.604948120006854,8.178675484849691,7.883772689524994,-5.414575501766845,-6.337080777957501
-8.421013011181818,-3.9669810767401907,-1.929941429777264,-1.705173124940886,-4.548340976689177
-3.3424133017931323,8.058205437238545,6.423403632889429,4.103926055925514,-7.735746631775484
-3.533159373986998,-7.881251104474875,8.074789627915388,-0.6792863663649329,3.347440856319876
-11.048378371124503,10.908897047949626,7.1530702605477785,-6.094432176364588,-7.5994038863159865
-10.562957954356351,7.593395760156169,5.085786197643781,-6.4840221682268675,-6.891382632582752
-2.210608079692545,8.11396081246013,4.74458196371313,1.3951992886480917,-6.709351173274398
-7.568828178583465,-3.5002539925424747,2.288349608882976,-2.2560432150752803,-1.0285081873405142
-1.200716667971733,9.28929913680585,7.92458323605461,0.7607222559080049,-8.139209954422434
-7.515917561510835,-3.925722619030078,0.17171426479272367,-1.9188864505756835,-5.268109628559675
-8.425593606220051,-3.028131278171645,-0.5908568649691563,-1.654185153923221,-4.853341253906978
0.603903574915408,10.32097318334586,4.15084353797634,3.7749905671866495,-7.4917402506835975
-10.424444693746432,8.778700310024735,5.25880535273747,-5.800376541996641,-7.636143607144209
-6.7567368613491725,-4.763519692620231,-0.21184494908191964,-0.28347349195022375,-4.412037670886389
-5.193940513296926,-7.417038063451724,6.1642064137632895,2.6328786655509786,2.70396645410898
-12.073244925600612,8.611524838845908,5.545897624985507,-4.670998800798462,-7.938711765261206
-7.185620218541396,-10.155301636770853,6.083202384438913,1.6825818970118855,4.712499816145176
-9.4604959396331,4.911493086888801,6.368508578765458,-8.198927652007187,-4.554508881037764
-0.4327883952869729,9.86014980827686,5.532010348726031,3.2532930221111935,-5.741234306471123
-7.539667430545638,-2.299882923822725,-2.759387493943796,-3.152383728796119,-5.613584880319324
-7.379209314847898,-1.397143130750396,-2.3723321933328783,0.6056516195462516,-4.511895652356318
-5.391989347036717,-3.846809319096398,1.4302393400646305,-0.3059394274493439,-0.9430241799644481
-9.618790579679246,-1.613431988117473,2.1786899606994967,-2.0507465509033995,-3.360330954231447
-5.5725483189724345,-1.7441965917215358,1.3472834403377263,-2.935582875522597,-2.1315729169704833
-12.714479523331834,11.985242017881548,6.217681536907902,-5.322224429829963,-6.431769023809851
-8.862495137301892,7.744758818485251,7.670892081672857,-5.140306824881826,-6.825213362566314
-6.499500101034086,-8.136787998987861,8.952202402907723,2.1692749650705188,4.623527365177062
-5.588202271389967,-3.912726593773834,1.1172879688279438,1.0454090353052092,-4.603058581602182
-0.5484834916291081,6.60306127635648,4.916829624026557,2.3629938753133675,-5.706892883485304
-10.689570812251695,9.521190377860227,7.334773422931297,-3.569484303214327,-5.306740846120903
-6.8037780404919195,-8.578315260080398,7.689452712361454,1.687496852911968,6.396246713824032
-6.429398053859704,-7.9050170405709075,5.61527323882755,3.5809679159945786,4.047805126117719
-8.096395860091453,-10.724694545007935,6.972493126838231,2.7218377965336775,5.642453330804562
-4.797485379439858,7.976424023376455,4.571499811694855,2.3381788579247695,-7.241481277935765
-8.338309246413491,7.740902853646106,6.979664956529236,-3.9262790579761395,-7.133295202628082
-10.897751749764502,10.720308336625243,7.730555859826808,-7.127628937280065,-4.330336454199744
-7.253146282551267,-6.427309392606022,8.05998534295608,3.124616913938902,5.155773458922027
-5.310095411940372,10.043676413760092,2.220805029443624,1.2652718852565819,-5.246201295700221
-5.458052824718116,-5.115065900862147,-2.366874573040204,-1.9506787627497866,-2.672969458226321
-10.903470785901717,11.966257469266726,4.027398051266044,-5.10106268959914,-5.650354632068052
-7.682916876700044,-5.361455247944113,2.1152127213537226,0.0530831440524282,-3.444459340471669
-7.2985539887736595,-9.257968009379763,8.50908075957627,2.532377176717511,5.017371051750205
-8.904453821327897,8.709561577911398,5.606952262263719,-7.4847617887839535,-8.991243865985567
-10.471610354191995,8.142303396665335,5.737039924994709,-6.561901841157945,-7.185903848245603
-7.592465078209734,-7.531381810450144,5.304553395128581,2.2118696041837933,7.0698450545083364
-7.58600303108136,-1.7784114089388243,0.3575695964270683,-2.692753894465496,-2.6789690806587947
-3.414117191515924,-6.6467842447509895,-0.40137289223752837,-0.8057817922450737,-3.2989459463861968
-5.621698842571528,-9.764207536456395,6.486070284579657,0.3720688854066334,4.820703401851248
-7.124355372925793,-2.3610236642398617,-1.639333755247752,-2.8162860177271507,-4.771753844276743
-2.406353160843709,7.420830557609165,5.350267482180874,0.5940333325900273,-4.554725583624961
-5.861049668841192,-10.561518809373995,8.32299166686252,2.7161871741451025,1.5727414627350136
-10.288053182926248,10.358916736041122,6.363098157011718,-5.267132244102136,-8.08503774058149
-9.591915875462233,8.514289565555927,5.010607366931302,-4.501090796947153,-4.992843223779609
-8.864667585034073,-5.595226274514054,1.50149550506007,-0.45541384674084395,-4.76323234411946
-5.119898807047959,-8.56679541858045,5.378274993564933,2.621832162493138,3.184416215233165
0.12381364061205646,8.64083990547971,6.097235262659634,2.9412336083184534,-4.826679854852747
-8.34042889283265,-8.12379110260168,8.081728154248644,3.612615096112495,8.300941614287526
-10.375160634734527,11.426501061540602,7.284953108286112,-5.694047214073367,-8.517364941660778
-6.801756598777352,9.24305020680446,4.790273762218472,-2.6094525337207384,-3.9718370682341924
-1.0764841423008928,7.535697058695006,5.395948609504868,1.177783256382071,-8.068936439544785
-8.91409924483549,12.527267617545556,5.126713576229657,-6.295411936475455,-5.738831598705809
-7.683811787854394,-11.39936469302543,5.648736255575715,3.876017664874584,3.9276042890159077
-4.536724531477251,7.5504762487323225,6.22034153113986,0.5490713506928175,-2.9310540938951837
-8.599734932276144,-2.1760835758584625,1.9547809741673652,-2.529738736222736,-3.870563264160115
-7.598365777288553,-10.13249140270069,8.363741283369693,1.4342812749854812,5.751356131990842
-4.914092501014098,-3.163907754302928,-0.8225820693683328,-0.24741125676875475,-5.131798509153107
-7.409384995854682,8.023715664629757,5.393471760314016,-5.963780374792481,-5.902081653574193
-3.7474434182415175,8.53220736571883,5.259276017641538,1.12758285473477,-8.112957784500917
-5.792465913003951,-8.064060325963572,6.3613005226642745,2.6701840518750863,5.362065843762432
-7.018359676937747,-3.636622270181137,2.7588251527515832,-0.4526902782107157,-3.4125046361889986
-2.412777594409556,7.397668961304362,3.566923272338149,2.992566307342746,-7.975177138726975
-5.568045889692901,8.610175876531486,5.7161922199220445,4.226705262084774,-6.768485020521608
-7.802487222568557,9.717058089188209,8.189332210988034,-4.094367149898513,-7.209421887945353
-7.20249113870905,-9.300379182914622,8.493013713902712,3.9877633540435884,6.254977272105843
-2.173058900337125,9.033174729371014,4.786392984051349,0.8136550081575322,-6.842861929762856
-8.320573157307468,9.324851268028727,4.5410680458030726,-5.831824462300681,-3.8073423814747507
-6.418002850542377,-6.008327897941854,-0.5667377783663556,-1.7552197486874412,-6.569258148900332
-5.554917638344146,-3.875848011648192,0.03978214474588471,-1.4824756336517175,-8.931055799856246
-5.852622796756891,-1.434729238070818,0.7049594819034484,0.13307769520900825,-6.260750083769356
-11.528022429721922,10.256782510003399,7.324757935302244,-8.557942295732722,-8.106176421726534
-10.944412548687952,7.074756255659674,7.035816787840207,-4.09740177146009,-5.650749036114915
-3.528683042115544,-3.2855967282733465,0.9100008910313304,-1.3482655059211603,-6.53173938172803
-1.122247098683597,9.103731683078582,3.6694736696697405,3.020504654361117,-6.2893991130186455
-7.225212205707113,-2.564355524811858,3.0442826071578217,-1.9637921675701357,-3.153373706176203
-6.921066402540845,-10.238229695245805,6.658599538711438,0.6950961638238242,3.9020324660357746
-7.36132850656395,-6.064162075418725,0.7138833379678331,-0.4831504723831781,-3.403091801924603
-7.467582444408634,-8.43463734476835,6.808734502252587,2.954658069648252,3.607036051855458
-9.201681303869826,7.5355561800174495,7.150117441875782,-5.9861063596716,-9.225211992674074
-7.673034615900582,-7.958781728503371,9.180947522649156,2.0542075999682683,4.624701074819354
-5.8605252390656135,9.795360009706856,8.561938923006958,-5.980789436800321,-5.563461788799813
0.312537981108135,6.842265277573956,1.3416699012979785,2.6331913590207305,-7.632708527680187
-7.1175067570884565,-5.953016163695457,-1.1244758492690154,-4.3937975871006065,-4.327338274091461
-6.727325150382967,-6.514797529393229,5.464862302017852,-0.1789876637644845,4.408592817775684
-4.428563073156303,8.077058261654804,4.679015411544352,2.7496582146444166,-7.968242910881468
-11.355371415148522,11.899033210566591,8.933710748576823,-4.649784790565857,-3.690802292701398
-10.975009096278283,11.742530196002182,6.237863193264479,-6.118293755497004,-6.813257950270309
-6.625457599651676,-2.3250205309462473,0.4178442398577882,-0.606464074222065,-4.653539668908361
-8.365058580417557,9.326064282243728,6.3741271094284935,-6.288227487704284,-4.59253928717977
-9.63872896113952,10.080308411451588,5.874208350177078,-6.047917661576623,-6.672289802178498
-4.7828137955485985,11.335543930193413,7.333695345871384,1.0539866482141527,-7.4611795310552464
-9.583080249645976,-8.026133664328828,8.462255655952674,1.1575346337740964,0.27488811770354404
-7.228780526261667,8.699488689562642,6.422596248658393,-5.864139134847066,-7.040989870097421
-6.006963038073023,-9.178053904910758,5.884364060413484,1.4639900707575961,5.794574485477188
-11.262135318517858,-8.183488050399509,8.679425177127996,-1.5220984184485822,2.6468554988560027
-13.493015745824898,8.856231200288951,6.552576574075207,-7.269115116327847,-7.1363282465703515
-4.203757905039177,9.808992395071245,6.802231767214952,-1.734297066250202,-8.074970074356985
-2.814568163206293,8.141764757275356,3.117743740188801,0.9992533663417213,-8.715537591294655
-3.4011152833034055,-8.248350997544453,7.61159659023375,1.5586255385604235,4.361762913094332
-1.7482865763918036,10.614298162582052,6.3938222218966105,4.046408170497022,-5.906562359766806
-0.060580667155297085,6.869074061257372,3.9798121061826257,2.169280549869869,-4.717717257552097
-7.653040937335419,-1.2170676132822775,-0.6076729195001127,1.1232127509282583,-4.540008994360461
-1.2744417471098783,9.124263078980928,2.7049374866165206,0.030551525845307737,-7.383304240086463
-7.599615142770666,7.467451690363511,4.553175538338949,-6.628616775953484,-4.805932379329013
-3.8732788052448583,11.11847759460247,2.53710224203968,2.8534553246411374,-3.593943752436302
-7.416277727491588,-9.108915279279621,9.382795627513499,-1.2954926321300846,6.461602107865398
-6.451778480989462,-8.056644114067003,8.29134629442379,2.8557069338693486,4.295822577803782
-6.431980230727417,-9.966014331778787,6.683986521190388,3.7449687986593077,4.331357171727555
-4.202775279878594,8.227505728778661,5.373940678069978,0.13997797060281392,-5.810129545892688
-9.889398844219663,-0.852050661417425,0.9380485435760598,-2.5258483378971857,-3.93972531755275
-1.2005116306325332,9.989587895136314,4.491115040559027,4.743125178012231,-8.4847543406405
-1.2583143912293941,9.703056247040976,4.534630269040131,-0.5182717163332553,-6.235199862452391
-3.8743702045249124,-3.3431907224120687,0.9626079166519248,-3.639465864792787,-8.121512401282757
-10.743304213380137,7.454022046865044,5.964671574797153,-5.48107785626352,-5.4709564571046405
-2.5650309778175124,10.10573044365379,4.7177976649390505,3.0721297997641006,-7.0007020613141435
-6.707570474554821,-9.07852694998597,8.3305330301744,2.3420951772207093,3.03349755831268
-7.89645657177943,-7.047163652064952,5.851774618789181,1.3256938414000943,4.854542895798754
-8.557711420295577,11.59800833215779,4.981482441738109,-5.806956154494172,-7.16068248289681
-7.057212383762565,-12.021110105148903,6.411789934857055,3.9677920547058396,4.127149462472586
-12.627021923751016,7.791918415213228,9.51598144671802,-7.673901142938178,-6.079280924026366
-2.45219240580045,9.194333118275713,5.560155795323727,0.43898083614312355,-7.265691997286288
-4.613377197904925,-11.015091291713349,7.3053894937296215,0.14371006824449717,4.706899379858361
-1.159797809902874,9.475235409513235,5.859172014486542,2.9176129468261505,-8.123119707534379
-6.382139097422424,-8.552578236967411,8.387700641207262,1.3690706790094107,4.931110253185033
-5.556490029308767,-4.247425035237431,0.4616782070676777,-2.3944279410207936,-3.868278872436485
-8.327208390889627,9.709900804269855,4.709914795280042,-6.5514706311252615,-7.2745323056763045
-5.0532068377818975,-5.75893053750987,2.673305181418598,-1.3398757297090478,-5.070034307992481
-2.1976660923080833,9.421654383991381,2.724755972497637,0.35158487332833843,-5.299897911151914
-9.07862712043885,-5.75782088770789,-2.6182533809730426,-1.4902041663440249,-4.40089788644697
-5.711704838007775,-8.151668457408181,9.835261565520009,2.013906206620606,5.164564039309678
-10.541646876190557,12.006474071019884,6.1669886668315685,-3.0043822212156743,-5.142273012680588
-9.3528506726313,8.518400138893982,6.985177422444625,-4.68130310047955,-9.438412573724204
-4.791411643179453,-9.21339752853444,7.756563359418489,2.4127829930210067,3.959988443715087
-6.696104119283754,-6.40131006893167,7.808141825172747,1.6437699816747442,3.7237346525475927
-8.12158678955465,6.2397266304793995,8.379238330983824,-3.6736936905402118,-6.8167715363319195
-3.3528977868941516,9.962897736781603,6.098710510668196,2.9058846272665266,-9.234964270986955
-6.135060758421164,-9.536293441806091,7.164600384042499,5.988815255389728,1.906996063328179
-7.2683036872766005,-6.440357000878935,8.164902087410562,1.579079757820435,5.206883162687012
-10.53833533069059,-9.039746499915466,9.457645119648614,3.411623338226564,5.609547782807665
-9.061090263555649,6.430859169177671,6.71925516909899,-2.9065672613155114,-7.785339731761467
-6.804854785860511,-5.326689191808814,0.8642540556193705,-2.5645196678670006,-1.9524760433843573
-7.004724057723116,-3.557322710148637,-1.4407135002745708,-1.5759880002039741,-2.5305965186937804
-1.5879475729876122,10.15054769326928,3.84412711481231,1.109442322973712,-7.292204736878736
-5.438673456472438,-4.799997275503582,0.29687459917819947,-1.2526811790812518,-6.4257499882095654
-6.415790475714643,-3.4082188484610683,1.8320841629493905,-1.3547548386664579,-3.2470877490044305
-3.369747628960619,8.977754239806847,7.853284374145897,4.5644844390918,-6.225141686640222
-10.75808953341641,11.021174257114799,4.624488498681138,-6.376038438292384,-6.312459539249639
-8.82992625133014,11.631866705732321,10.05602743414263,-6.359813921210419,-5.626356476777688
-5.056790804304994,-3.2886340124501445,0.656295194156096,-0.7800424062082003,-3.6906389723518522
-2.1436668058148816,9.381735984861406,3.8794640731714067,1.266612225513248,-6.531552285114816
-6.0952676439906694,-5.561207619265845,-1.7202587586530949,-2.4701567383462395,-2.387568194418802
-4.9274976591777495,-6.496060961545732,7.371529139097353,0.8921734293449004,4.8514097703295835
-7.419762561959575,-10.827399285759068,6.70332517381379,2.412720994738505,2.7158131666049927
-6.314459002422667,-8.882221977163478,9.012598291656955,1.9452096494814464,1.501902853610587
-7.033551199206895,6.941153457085861,3.969289617976406,-6.686269994766049,-5.489394281097191
-4.17927870409797,-4.43610857424601,2.675041846708574,-1.478445615745462,-6.938263855475947
-5.956452868619234,-7.0325011008827865,7.114353501977204,1.3470163375870583,4.162243494205804
-8.727693482577331,7.483740418432382,4.716391389813129,-5.314144563221697,-6.1452188592056265
-8.675940826556499,7.422499163320008,7.812894686773649,-7.2565433148245635,-7.49215351188754
-3.9767567894752984,9.626665261770029,2.086003429871341,3.5169031399291972,-6.170730967531705
-6.015907105126657,-3.600853795415054,-1.1423091255938966,-1.0103275884732876,-2.622252071413744
-1.7692207717314163,9.291540313740633,3.352342165956281,3.023634503054219,-7.743083930507931
-8.456250386620292,-5.641885745638549,-3.763489356583383,-2.5751708587818163,-2.7403624164606737
-3.2486990250409993,8.130238992782004,5.914281981759638,2.508692912888303,-7.918991584042251
-6.205152084392029,-2.718163316390891,1.8803915567158103,-2.9370346098993867,-2.8722584451530047
-7.095729846830025,-5.184694720639705,-0.38223284748189745,-2.0792374844402177,-3.636203499718473
-5.9546006689109,-7.812973771835294,5.274589348697901,3.8402162129437762,4.553327352771693
-9.952332029302001,7.858643231741048,8.493853675087161,-7.200275925060549,-3.9207978236995054
-11.867329227299216,5.149963646074033,5.972114528394938,-4.9256065865680965,-4.563108031249744
-7.077318486783448,-7.59925699947375,6.668376559641377,-0.38756541624384333,6.78582741222904
-7.794119666815586,-2.946773572547955,0.5242004891917951,-4.841573024503321,-3.001472456564384
-9.66916738759256,7.924741672673914,8.331639600354142,-2.2731567034085876,-6.0693034673221264
-6.059212397208996,-8.015002003659964,6.941089225168156,1.8341188448598253,4.653270842159945
-2.2521452012677945,8.840813704615961,4.188223292844168,-0.24461330161040884,-7.959393503743333
-4.406184513150982,-1.9726767635838118,1.3114591611552777,-0.09239531831329284,-3.4043233674019975
-9.004571320582057,9.318516063713568,8.484206139636377,-4.108513935718151,-7.302016587102306
-5.296200773749054,-3.5167296510504453,1.481773396870318,-1.4653980565210893,-5.9559072784977785
-13.541931722609267,9.403260303135628,7.1405845752730635,-4.366812577127732,-7.8843445842967945
-7.196539167433589,-1.7086031045835899,-0.5541141976067077,-2.9166987375126796,-3.177363793489916
-3.8709879576988926,0.8129299609588818,-1.1901124172146398,-0.9967766074322727,-7.298565250822643
-6.279839179802481,-6.867911460966326,1.4775920089772918,-0.1449016587701204,-5.6662112082914415
-7.7411046659102976,-2.2362877644631016,0.05344499626270627,0.8180336905315895,-1.8822954202277984
-7.276881855241863,-11.84412130324614,8.276649960812543,0.16341264258396682,4.251350501320402
-7.225710664584597,-10.224677473038467,8.658820532185883,3.5751742369498043,1.3921697625637681
-6.248650176691862,-8.100299484646811,6.534470651497332,-1.207714144942691,5.807180623551453
-7.294410033126897,-1.4171272643739492,-0.7891261283478679,-1.3077505161081948,-3.1969579686238156
-7.060681339206344,-12.097332075657064,8.594655431224336,1.2193079559332916,4.025651632464668
-9.202999908812524,-2.9259782791388282,-0.7107939894464643,-0.9000812020957301,-4.547045823398725
-5.549778508129997,-9.46947044715759,3.417202130558002,2.3207224550589176,4.816559383521173
-6.0528951804166615,-8.327443932035266,7.909566796890919,0.0325920423975512,5.732428115853081
-4.429841651797175,11.646477401174868,1.5169847244025183,4.51785423637579,-6.563100990347342
-5.962079370156127,6.741499534900493,6.690190237394889,4.440621254192657,-7.253181250485838
-2.787686088048476,7.354783667189279,2.845568900107095,3.191958417532029,-4.845267148295036
-10.930914877498857,10.294039370619963,5.226330809672135,-5.058408348285792,-8.414207365548357
-10.64974895631699,8.329936246975821,6.482854763172441,-7.098181127407289,-5.100525112679797
-3.1876571019263653,5.378467138254886,2.2640246009995164,3.113791668157178,-5.7009269531750215
-6.554527587465108,8.932843828421603,4.293477040915084,3.0174792311608596,-4.106193048733252
-3.599903386790053,8.643008174871065,4.528228692578032,2.904177830266749,-6.61307568975139
-10.445929177018042,9.897108308726182,8.04854492452004,-6.087298837599388,-4.765742707286408
-6.260669600553859,-4.288762907788807,-2.014212219322604,-0.754780329241687,-3.1016080790027223
-7.620334506223031,9.879375632138911,6.939930731417247,-7.658309419502525,-5.933066874405425
-0.183446883831635,7.516755067090135,6.116362433942977,1.6521864176024685,-6.953822755629919
-8.160985458222887,7.866453356899436,7.359060664561278,-6.154679422782667,-5.093344493033247
-11.940099252132136,9.918262009647266,10.416187643385072,-8.513334403193106,-6.411921572432193
-10.529280283010905,9.46603110673986,6.725649668830064,-6.505894075651775,-8.42219897768414
-8.149644575762256,-9.803652505112204,8.868464141870446,1.5201372367043644,3.555978861057914
-8.279837044041276,7.683668075129293,7.879090096141662,-5.850250693983255,-6.254189508834714
-9.470444569505226,6.205095901617668,7.336104988191484,-7.222799623509687,-8.093499260666604
-6.368259053735862,-2.111478268834637,-1.1477771456194499,-6.126155346951686,-3.7567914085213836
-4.7617787601528025,-8.957789843504584,8.002080609873303,0.4287099426438561,4.803912201732381
-9.673192847433794,11.226653227930381,3.7222000199504985,-5.537835881676736,-9.09046949393872
-9.762653678766888,9.720266817995675,9.016029902351713,-4.2750432580116495,-5.059768767112643
-7.951839476305,12.416602711791034,8.184417135168907,-5.3792548929718835,-4.795867944730857
-10.993069676268345,8.396527708536556,7.087141908497996,-6.034211314044039,-9.720847505845445
-9.459779371978913,8.010060104150504,7.031928449519912,-7.096237269979013,-6.975651914598319
-3.7878542283213497,-7.025778410746296,8.859616704215897,2.9110906586659504,5.3289931701708655
-8.842999728322555,11.002854225715662,4.8493065234604735,-9.22743358088779,-5.076479362904769
-5.078899416689066,11.04509468944644,4.468069068349174,3.8298941519009246,-9.271268679342821
-9.377770309311881,6.447592487859158,4.973073123447932,-6.0319864147235975,-5.898502181109655
-6.006885124484894,-4.370180242024947,0.16682925504131868,-0.211735164596921,-5.735707775763008
-8.519826874713708,12.82067479804815,5.7223903006078904,-8.055778157733016,-9.183515706719632
-6.291485642507796,-9.601773195197259,7.285161447210712,-0.6313136224695017,3.1193818592873215
-7.692750097601948,8.128723077041283,7.464071884013575,-5.453502135856406,-5.967470533857482
-8.190022767693375,9.043364112411467,8.352283036782852,-7.412658055051928,-7.600271898149498
-8.651328816239214,-7.166845214632702,8.39659488866057,3.0995788234260773,4.8191651641355
-1.0562301372534164,7.961206487382293,4.148385616331449,1.3850074542424955,-9.074899613349448
-7.411807956886947,10.717322604945991,5.032788700531299,-3.68847311140517,-5.893802445838254
0.28946414366438455,9.725035509566002,2.8529235904241284,2.9580000968914764,-8.341649696492253
-5.571799925689186,8.643520054417426,3.6169024642314036,0.47073966909835874,-7.301277630480202
-8.893377318906792,9.463469046205086,7.486062087786195,-9.547557902975932,-6.808411844462685
-1.996563659387011,11.82854238702215,6.065514593507177,1.1078142004471274,-8.227249198173807
-9.30280731713421,-7.091218724950253,6.221635550301629,0.8069215793426041,4.4623053517673235
-10.144072261968994,7.2898465144719236,6.672280316932841,-4.399802025754506,-7.725134926078368
-6.4794196167587215,-8.075240221791109,4.9517368624505025,3.364857705978349,3.4368599783957494
-8.071115560971418,11.410410916536208,5.535126467200859,-6.481176539486279,-4.517188886125885
-6.378715036339949,-3.8881298327425755,1.2040741514098658,-3.411387172078925,-3.286566285268165
-5.0425324944159895,-3.795452914721146,2.204461936682961,-1.942142573986902,-5.8233478338058795
-10.377129627926756,9.664822202641933,7.249574895767928,-5.556620007110704,-6.479665846946978
-5.705023829352053,-9.215636085702753,6.427257623461241,4.155855027411937,6.769801051617277
-7.038805413985103,-6.878386797634952,1.6217778144057224,-4.458724196542166,-4.132730824264423
-4.906886059926855,-3.550648057727646,-1.8039222071901388,-1.6555206042395905,-3.722867182686558
-7.797763229633874,-8.893882952208628,6.6795695787228135,0.9836687650533917,2.051975360413158
-4.196160760809554,6.713114872094888,6.556394069075865,2.4716407019101196,-8.002356995986101
-7.404084787453243,-8.86745716546761,6.8687532412472905,3.222213087777251,1.736985643266027
-3.5414231408193357,12.392939836214785,6.112527066715493,1.4859226086777984,-10.62873576346163
-9.772373514477538,9.538255604654863,4.95354722899755,-2.1357027730668454,-4.088909572977628
-8.884408729371161,7.0948388584292275,7.784035835988909,-4.834514595414073,-7.888525348722734
-5.328649607111997,-2.907238229087499,1.071431740653602,-2.8527424098573735,-3.801094911642046
-7.53518919733684,-8.937526678574743,10.473105599248477,1.6517616837451805,3.6239413278890753
-2.183048313283166,10.319387724231452,5.383401668187008,2.198798041656097,-6.332185687451932
-11.562033838725212,9.819710918662595,3.4499593767761816,-4.234261671968369,-6.600731422416468
-7.610952439446275,-9.851889875378427,7.37475154173074,0.3914313265699718,2.5327138625931305
-8.22828566576064,-10.833798195244494,7.039842329333153,3.4047754027508645,3.9701278753546076
-1.7993411861924329,8.905042759213012,3.369688259125494,-0.2991011530880652,-7.549399619251802
-0.20214277335379638,8.960547069533394,6.98684431994911,-1.9564479721938843,-5.646773434588434
-6.6274181288715255,-6.861931453224071,5.813709067579241,3.732118076557744,6.137124156930707
-2.617212805423251,10.519585475036358,5.182332873799552,1.0054900520330456,-6.3375337828886495
-0.7249918896657892,7.172874405492832,5.535978941002888,3.0249287974070795,-7.325972446191258
-7.16082599078277,-7.359732763116216,9.10460199284583,5.906645697892096,5.030901315741272
-3.942508283953389,6.604616647811962,4.945074290028936,0.838643566014277,-9.01300775554778
-10.1021339153706,9.653892699734742,5.204753968081517,-6.0631347059785465,-5.448176401474154
-2.547528729539918,10.773379657087368,5.45527906811975,1.417248185811573,-5.7220791251787535
-0.4211941935358512,10.39176103720179,2.284127930793336,0.4887274790852256,-5.468470409168946
-10.747299281990188,10.6434847610338,7.999450698601031,-5.076379807456714,-4.588260155523096
-7.965660022574708,7.429868253092777,7.581957801467508,-3.7598178071313626,-5.783287874824183
-6.779623517438639,-8.064418930079862,4.979704130168889,1.2287212188447334,5.352848575353649
-9.954430824595253,9.339236111798439,6.447107639405837,-5.252427836581675,-4.216450483111212
-10.14212091475512,5.037714714257424,6.086619731075727,-7.3110335177004355,-8.810414379049405
-6.016008543984861,-4.647869260974785,2.8841336300690834,-1.3320835209400537,-5.958862325341604
-10.792546780010214,9.28723774784832,6.53535440951969,-2.794404521249765,-8.442482569456484
-0.608830899272816,7.9527819297701505,5.305607978447444,3.1351207640847374,-8.270022898518395
-2.4883036851833307,8.978098497533317,4.937005977379884,1.7566290660548183,-7.740120201471624
-0.9356837842974164,7.957770592384183,2.527186891682762,-0.3617740763451236,-5.970612264132811
-9.433152920121792,12.461311103455502,7.0648905089554495,-5.7866362552100465,-5.8803771897075094
-7.078268550395144,-2.190647112491125,0.939994040440215,0.5403776396242757,-3.7423251915244067
-7.955155632758943,8.833745955852391,6.677081390619334,-7.510699307410819,-3.81991633914169
-6.047917341992762,-3.4692887307390596,-1.2887200649709363,0.21987902961662908,-3.3174077785884517
-9.007658192675494,-11.479540974607174,5.035038443643561,3.916176390004949,3.3336643370822387
-9.209456845089015,11.474995114630746,7.315150306944443,-4.101233349830833,-5.663682688682798
-9.709627860882144,9.47658477898611,5.057945216413534,-6.828742010126382,-8.29037705440794
-5.235471338367,-4.8911448818618215,-2.6403257156349778,-1.6164869973515434,-4.573824036468319
-2.212798216014151,12.12717743713622,3.6060971090937497,4.577115388688606,-6.582761015957298
-6.085570461740851,-8.944075923724647,8.053275381238006,2.119011857079356,1.198251706390102
-4.053230134374033,-6.523462464227727,6.590248782819292,0.34287408493065885,4.372780926287715
-3.956582813922907,10.043363318195981,6.227515566502483,-0.6649395456939393,-8.654514960149932
-9.224895806320932,-7.513663090915272,7.2067671199795,1.751580364478237,8.9511129076882
-2.456467955312859,-6.97130838553083,5.296911366186671,0.03861329974882044,4.8842506484986465
-4.74518853170013,-4.798823339980936,-0.9082658154988816,-1.6279764408642823,-5.544633574983931
-7.679779863923799,10.49693519740959,7.08193831024597,-8.235548940776921,-7.803570098777183
-7.5510924367640735,-6.916803214033341,7.425306181289808,3.301460747547505,4.888550781862621
-5.525464948506504,-3.2728757690933814,0.07513867983303768,-3.279645731487365,-3.40247571360246
-10.708177633894309,9.133035798566214,4.3259253677128156,-6.489948407147634,-6.7908138959124935
-4.844070471042377,8.372113386749453,6.891018522179568,3.2485022971109716,-7.402605392763059
-6.138983627323874,-4.253639711877623,2.5786651770889,-0.40511260262307636,-1.7509671319562865
-4.271038225114149,-5.193735289920401,1.2081770486827725,-0.4124183021942339,-4.886684458695108
-6.3271882125718335,-2.070169588151221,1.969153346799669,-3.461205711932199,-3.294523575842896
-2.5083952398547407,-3.1186159984679307,0.7184438385212939,0.4112519474710341,-0.6599361168202238
-8.716556947709995,-9.151862642565048,6.047742234184753,1.1515150601570916,5.044319162551823
-9.755573354798367,8.190747321961044,6.067302941395594,-6.373641284878941,-7.079969029763996
-13.328216344579067,7.949699837955074,9.092602363359854,-6.625890836522558,-8.124320602471446
-7.750189455331011,-8.479221005832946,8.073050580953105,2.730303641243087,4.27538445779504
-6.607690642670138,-5.183664797550415,0.4739801837847499,-1.4550719603404174,-3.8135568234290673
-10.71099129562888,-7.4368478897771,5.273204867875572,1.6851521320251504,2.4062820168318697
-11.381250759482818,11.574588365658704,9.359647781465263,-8.277205827618506,-7.899543542187557
-9.885216707560973,12.500056550485214,3.9013294451993965,-7.330182653893494,-4.117353131088548
-5.739282793458322,8.055843506664068,2.655244146116854,4.436192424145286,-5.364901557137319
-2.7598747435280315,9.234356657848306,6.449642285990636,0.7477661774598778,-6.326617227841918
-6.615447260360109,-9.388869515260994,6.082137584525624,2.151516059433738,2.5532430379424986
-4.750705086505491,-9.738963105244068,4.523712988457779,3.533570769619559,3.134506817280903
-1.5900367654588956,7.434162783437838,3.7042253951843938,4.844216714740911,-7.16565079229629
-2.7427134761408696,10.765959220688032,5.021510101179921,2.4795736770535353,-7.497442640334971
-5.546911503039161,9.293967600352463,3.6471991390755196,3.251819686135068,-8.068408298800321
-11.761197236034267,8.948682071229705,6.573545890445819,-1.8220281498895146,-8.031451194519233
-6.4928069516477365,-2.08473079618267,-1.1198900585617628,-2.5048784858775823,-2.620962857930442
-4.457652451872086,-5.91432123702872,-0.029030358180676563,-2.5199527502920462,-3.6066875179499753
-3.2832647153788113,9.158467293609796,3.946465903170538,1.3214253427922587,-7.343385376354229
-0.8193500787311141,8.610953092366076,2.9800899731155956,5.833209388815522,-6.790799540129537
-2.184509738679788,9.082643888054042,3.662478314819376,5.189085817928721,-5.928748657674253
-4.640239426980476,-3.7859888384207787,-0.6252562949604941,0.12414973128124829,-4.501113808458465
-8.233186924812212,-10.142822378548052,9.011675092120857,0.23818239556318388,6.625460985804854
-1.793636382218068,9.129518964788705,2.715390499945247,3.467569913111442,-7.620262065893239
-10.858586563271999,11.272625401184886,7.817876321866434,-5.811747065500793,-6.990364974506823
-10.781645715995275,10.034787950031404,8.568130820648674,-9.078446045465574,-5.609383444621765
-3.8924456093191884,10.318695008356812,6.673335624435528,2.593322038776283,-4.064433472314171
-8.926349386535083,8.298462747574892,6.992347404697446,-8.540069963531908,-5.458629405000897
-6.328477898716067,-2.3096074004643508,2.402967265552742,-1.5273184675763165,-4.75778177632147
-5.548759618113206,9.922897080091747,5.14277092074542,-5.896414157068087,-9.027870156057666
-6.218367392923684,-2.886770521361621,0.2826557536295669,0.388456191346193,-3.3789537030930257
-7.150972501156406,-5.5533369413320965,0.6981361544831937,0.1305714361056758,-3.206407915367334
-2.1557757858899014,10.170583919028772,2.421999467558339,3.6888007487511256,-6.371882579909649
-2.0444665577122088,9.96495144959647,5.260577482405349,1.6952381956241696,-7.074358240751409
-3.794933957677174,7.407947381106653,5.363587459092879,1.6379755059519556,-5.808626450013132
-1.51600161127118,11.39331135241635,2.783155587987828,5.172719745925132,-9.807758890435023
-8.097352972086275,-1.1843392788965224,-0.3544632541773276,-0.11367444788707992,-3.861212070567502
-10.388497250335487,-4.859981969354961,-0.23728213103255968,-0.4111093880508274,-4.141470917023858
-2.1086222242488617,10.348732321633477,4.763304820141237,3.571390246538759,-7.655559866301829
-5.00147771645619,8.915166430227346,2.823354536584416,0.9954155222374932,-6.808529184176649
-8.379062941718313,-9.595490138478336,8.584452955255532,2.8424005871662446,3.8030534071663675
-0.39517646277438034,12.462633313627197,4.095620995568613,1.3049159018395744,-4.699550475474719
-6.742377071924284,9.633237635609673,8.184148782286453,-5.490287618033591,-8.368588814171883
-7.061531816187619,-8.209029090775468,5.992284648795553,1.3661127843790601,5.245023592662566
-1.7366447222397605,9.784965054566635,5.412450365687173,7.752266919922814,-6.02329142511152
-6.916403002862321,-10.193880547731203,7.810061838081108,0.2537405481244719,5.942970638613255
-10.206045167529437,9.59608899339782,5.967031237893269,-6.081197702587031,-6.50059999212166
-7.58333251798326,-0.6390100407385613,1.3508894451765312,-2.232072080988612,-5.092495067122104
-9.236423821378695,-10.528478960000719,5.53263540590012,2.2367148770097356,6.760224055148546
-11.294838619721176,9.095959742318609,6.639070843164249,-4.8550262020916115,-5.360989922780867
-3.5307751092650714,10.275251451681408,3.660942867274515,1.3038945341185624,-9.713938287569567
-3.4962487751976496,-3.8411926435289114,1.6483881465981025,-2.273439388324824,-3.630743754422376
-2.6813022852530985,9.771767046669007,5.938511627483283,0.17272507335706777,-7.381379044912693
-7.166465280866895,-7.758690843413738,5.383613478691958,0.5876456696371626,4.870060972741475
1.0959257548046626,8.927857932647944,4.941527406300553,3.54915127795215,-5.221338291714295
-9.103848358657448,9.30669108545681,7.399213520163291,-6.553618246093228,-4.532268707638416
-5.157153569132873,-10.362060485103605,7.41604269027066,2.665524985360035,5.2011099668156255
-10.90991261907589,8.32986589776631,8.428954746274432,-3.5987146778755092,-6.720666310326068
-5.8652448162165305,-6.749629078953475,3.518041298335717,0.5748670642261355,-4.771210170258143
-4.175061391251493,11.642691793333755,6.043396425949293,3.8805023264319702,-5.797119095086417
-8.47080214476803,9.106151099064864,6.552570550345689,-5.615589059761918,-5.9851400612179715
-10.575682732584724,10.078460112071587,5.175411764626416,-5.6647414540500804,-5.693191904653941
-9.459470604643956,6.069246484118583,6.304153370145645,-7.030327437824948,-6.100683527495219
-4.298550399365801,-4.831441600516844,1.2518535172192826,-3.7056510870145654,-5.944606692800832
-11.788487900007468,8.646093822911432,8.111821503725404,-4.9797756537685425,-4.895867487815935
-9.908495283109609,10.142495824284861,5.845877747156948,-4.985968423391685,-3.460769595767644
-8.949536840459341,-9.778403593520958,8.61711312407284,3.4519878029283055,4.931079686066848
-5.874045113134295,-3.0340675911002273,2.6164095651413923,-0.6900087215542218,-4.92726835772448
-2.5582397451938896,5.913122978138507,4.506198776958919,0.01646543318345217,-5.875118367906213
-6.950530530256044,-3.5293566852753546,0.13413087084943776,-1.3492793501155929,-4.663833774261917
-8.380335909216548,-5.376337910133798,1.5502705078257204,-3.322154300504131,-6.572225397781418
-0.2892814147177116,9.13033858966975,3.3479525342357057,4.257855799845218,-6.071262125624282
-5.997180220809778,-3.0873261830760144,1.515473945271201,-4.266228680911382,-5.3174501007525725
-8.778912468556934,-3.1947643887003583,-1.0875328805759168,-0.12692545590668147,-5.619393713917626
-13.320023098886569,11.313645122372169,7.155888037660998,-7.5637502582203,-7.976469245431844
-6.782011553997863,10.737434678756477,2.030308168060952,1.429508271836034,-8.559132033090485
-4.81779496455367,-9.807274025322814,6.124734905523322,1.298184951591127,2.7314586435328403
-0.0003390427961953435,9.642814642247389,3.582361052590488,1.8895160674541729,-6.042136822368686
-4.04897057216934,9.213740639418635,3.5896976138193413,3.7657396273279957,-9.164407548326931
0.9272162358333622,6.9299274280529275,2.1717807157927638,3.5070253319551923,-3.219998581642361
-0.4456374030853212,8.789202747649531,4.828243516435415,1.7135619475149275,-6.8562586197790685
-0.13983940445668175,8.229996087468418,4.009598610584316,1.5504927706499712,-8.896302957702686
-3.2256837932004254,9.732755866817909,5.1403719941585235,3.529479600327581,-7.64465178943339
-9.28146556099072,-10.08107329380638,7.168640775275132,-0.44248298186707524,3.897669949272802
-4.510235865430056,8.1122346622715,5.119551737441907,-0.41632091635677204,-6.218915084210671
-8.805096295183047,7.742692300444332,6.1526689795171,-6.923516480110671,-4.367638299799427
-8.658742945134748,8.445153460001443,4.864352827372894,-6.689735871004313,-6.640288692341762
-1.8763164916998232,11.434853031786293,5.320180288499071,1.606934731004759,-5.433496438718734
-6.4640441863386595,-6.797339862878034,5.3602923168200345,-2.5069679988670623,4.437225873051451
-4.950511279877494,9.086413548190395,5.029462588810324,0.6166947462841192,-5.921738502985209
-6.123942027366197,-5.54434458958136,-0.8072628097527412,-1.2143796875177242,-2.5195168759863007
-10.65247161772527,8.96537399942633,5.473222534321794,-3.1508129226792643,-7.648658796598177
-5.748672598555585,-7.054957699424046,8.385978686300298,2.54947254617655,5.76667691339555
-11.471013172044044,9.206715020962601,5.807941360737471,-10.14739082143788,-3.2840426191054934
-10.494281053037795,9.053874060199366,4.189626572220284,-6.341924445525787,-4.868644889988817
-4.110628267126642,8.800716900666382,4.820322283795949,2.7448279350288556,-5.812204874017935
-8.958168378406189,10.308472933063392,9.733668163252748,-7.4495504394233505,-5.653052540640806
-7.430346210997978,-9.425964980201742,5.939907638750949,4.445363769068338,3.677970852103899
-5.694171194531794,-11.793483483203763,8.662418922947667,0.20554234094300394,5.2575977345206955
-7.389002456347649,-6.221532335483008,0.2777717640226103,-2.0300151979494254,-4.0057065104596274
-10.28305215721205,8.781057132565882,8.379703917392057,-8.557830335977608,-6.946281818632501
-7.034538126889543,9.70169023787409,9.0966381646421,-6.852767279720461,-3.6364077720212507
-8.025723117995675,10.273513497757717,6.454576945713274,-4.883431858491779,-7.423839507839011
-8.023153951360882,-2.223291650928892,0.726869131037634,-1.8659285119749454,-4.205227649091628
-1.5973528584779415,9.29419981293286,3.970228414402309,2.2643046732881933,-5.269179566361612
-10.79478375357394,10.741230189383785,5.7014862222604386,-5.373469929377505,-5.1329846369393035
-1.4969683848028446,7.330203095854873,5.213493455504177,2.2228479962603163,-6.140950295139047
-10.977881809056258,10.231466012753259,5.270823048779294,-6.3792680068421035,-6.806135527214847
-6.87047618855954,-9.492906592425863,7.159108209609957,1.8897557960561726,3.6064350110977172
-8.31604879508395,7.549412071087122,7.47730272252772,-4.814771385965476,-7.40865838350235
-1.9154923228966365,9.75533140762243,5.0308894849639625,1.1477119531726019,-7.887062243058347
-2.1251530215819368,10.488322604116593,7.138090502921966,3.4947247814679274,-9.640938538148738
-7.3093842286212976,10.164385176031278,8.194723694444521,-6.739969617212682,-5.081712815258064
-2.5489684362265757,9.104631443109861,8.33474200495603,1.6846282367690482,-6.427306177650851
-3.1321294939039523,9.963458927357749,8.045918122934696,2.245969066528475,-6.507296311700766
-8.262899312963917,-10.344263814758257,7.634423909597119,2.1263167404185515,3.078845225915029
-7.108814347846763,-7.776164741603125,8.758576390690578,0.8433160441022514,2.164602125584242
-11.383493083723419,10.738743577323552,7.98828362117159,-3.0087874838603463,-6.978030544802234
-12.784159833794753,10.550507868187491,6.971947574192868,-4.990814826922593,-0.4741440962034975
-5.938809589301235,-6.839497717440796,-0.03114551246995456,-4.688621267234307,-2.1208655345578844
-8.061785221138305,-9.769599154012685,7.071307187621519,1.3141643683184845,1.1925018403572274
-6.764831768837794,-9.175611729348129,6.348519044263513,2.275282242814267,4.824362530275023
-12.408196691792519,12.204644806297559,7.233274082064791,-7.055656884249027,-5.561557026674334
-6.879798995898651,-8.852278238343931,6.831680840729327,2.2550862606526443,5.399098952922361
-0.7702029180063781,7.392691136798476,5.563782246644497,2.8628215708933076,-7.343946850122255
-7.078266060509135,-5.088160379575801,-0.6444260435756735,-4.017702456789822,-3.4681036254118527
-10.014887088493715,11.784070152166661,7.667249751097353,-5.958711020598164,-7.142595213597177
-5.292756255158033,-2.2564055413671764,1.7872834210939645,-0.9841246548005316,-4.522368610433711
-3.1533059347406294,9.197732382746747,5.454825879782684,2.0464597894292886,-6.818739654345446
-8.111414443596106,-3.033371308602643,1.4247368096990602,-4.228074964651441,-4.035948326245046
-5.012073733869134,9.61312081210624,5.610672745782213,1.2483899904916709,-4.518647046216221
-5.913008045606535,-5.341521235340093,0.972910139843069,-2.848644622318151,-5.124737608366349
-8.38060658018431,-9.854945212423289,8.094384689987075,2.2916729077735725,4.687396704831247
-5.750097161619148,-8.266590179311844,9.258152046622822,3.0320722617691134,3.9537675799452483
-9.302674279196365,10.072025125167437,5.884142776222112,-5.701556268875715,-10.095991685977472
-4.6629908498219095,10.759031756430762,4.655228427757482,0.5009067073688056,-6.186471979756364
-11.290692545272368,-7.854476591841369,7.615627207576866,1.9942371001953296,3.57867387628758
-5.7582442090996455,-10.44744229524572,7.682393211665428,5.133424239489136,2.782374668541274
-10.878887630253203,8.77778874310742,9.48038430201872,-4.918388099633839,-8.366723009507824
-3.6698814217081095,7.147304073231195,1.9717984628716834,4.2172361511745065,-5.898078706620184
-9.295772638041761,8.2607739399085,4.952929813602147,-4.819150950584074,-5.419206279525271
-8.565205878990003,9.587463898732837,6.315140470841038,-2.68292449285514,-7.375901684043816
-3.2406069591614903,8.36544884646889,5.231557049795547,1.3416929627103376,-6.444964905806651
-1.6164620848973796,7.786955103348113,7.7784597497562915,0.464143611691179,-8.700910110332869
-10.212601721411833,7.703093034679349,5.9738335290147155,-3.8674939611406174,-7.166503286382323
-4.573211715657117,-10.522144966002632,5.947268683977308,3.548792435129429,4.568694522159381
-5.703203161428911,-8.867218326237602,6.929186671686302,2.055999074082245,4.982130228683724
-5.590813924468044,-8.197095135165831,-0.7901491650469417,-3.0501805685242607,-4.5599282135979
-3.2216155897941845,8.034292279337754,7.288060196649747,2.5806422503821653,-8.770953122653838
-3.397788509411054,7.718299973678597,4.712661278145342,0.7267445093241753,-6.473941952481512
-5.33129028676346,-7.148270051394635,5.687073270175906,1.4060788029322984,2.5028945531920055
-7.914543855196366,-3.7257535364581433,-0.9818535446261363,-2.5498847978305044,-4.810815068631427
-5.835528422090873,-7.4053699437802445,7.456133244936474,4.238595356447068,2.448917884720651
-10.09967193010307,10.040672081802743,6.764587560335011,-6.643934898537535,-6.611947771334436
-7.833012050289046,9.599641789111576,6.76824960957249,-4.922131129760616,-7.656055261242375
-10.08362091424399,-4.13170495614602,8.907608129097781,2.357158606057915,4.079110554996479
-6.537876251614643,-2.4784677190998874,0.8065336597456959,-0.8995846470560145,-5.818696279307504
-8.515708209440216,-6.721929187016605,7.17564071707231,2.0505746692814473,5.223773190805744
-3.557866590851752,-2.6504971423243853,2.239386498947236,-2.231124126138212,-5.9100409211549465
-7.012030965507105,-6.6086198997542684,-6.654907398651044e-06,-0.26185600442506773,-6.0867653746543535
-4.723670659691852,12.860071419164052,6.3766792121371605,-5.912723290231449,-4.870128384854943
-1.2761073830610152,11.859475602179243,4.271796662223796,0.8425654374044975,-8.213898835589555
-9.87971381205173,8.264509793002341,8.221913505633282,-3.270107116802034,-7.0888428816277935
-0.06627430469581252,6.944133940875984,2.0848051771953693,1.889848135595804,-6.303529017742309
-6.4534787500139394,-5.42782823963027,-2.6337181839552484,-3.5691552366978723,-6.236169433387151
-11.637046347207109,9.174743078588941,7.403029456351227,-3.0586765520440315,-5.30438228513529
-7.2769472722321655,-2.817221887044477,0.19974592064942293,-2.057971244331113,-4.108878999765751
-6.011172343874314,-8.658957204014781,5.86391950417637,3.8171574873609124,3.9236571963804536
-6.423523309959887,-5.5028160912717246,-3.251962893594652,-1.0604101800370918,-3.2620591616572137
-8.329107357306345,11.225489110871269,8.234905274075773,-4.44492228632501,-6.836130752649151
-3.995002110748783,8.164839533794163,4.789355883859563,1.2179562027664332,-9.20562233775047
-10.836242490325628,8.440772953447144,5.425789373534254,-7.352570184283314,-3.176343551332545
-7.358690496775874,-10.032366541841244,8.9375336233966,2.054267707872089,7.01323758455042
-2.6542672908583387,8.196907497984897,5.238583007756207,1.9167176303034594,-5.224674368126488
-9.70414168191852,10.03696253118463,7.2761614498403935,-8.41723541750708,-4.767589174516703
-7.896682647904106,-5.818246885346076,7.528325912122809,1.4743179078960127,4.438472014718272
-10.091016785841129,9.911703794974319,8.980093447080597,-4.472253821606142,-5.741202405315122
-8.517660907484919,-9.418977310347612,8.366829551847369,3.295953400978892,3.7205011344246355
-10.830604523531804,6.370465246656929,6.866448434947508,-4.56345425410646,-6.546586354039904
-2.0552444251942004,7.882872353169285,4.543671316338613,2.4663132993959525,-6.397591367975861
-10.083490255033627,9.08069657034312,5.707251956881677,-6.185276097317591,-4.2357036381359325
-7.3326934300975815,-5.014608489494884,2.1392334938608553,-0.7231176646625196,-6.492823216054299
-6.931727160933881,-4.087116394068834,0.891531040113212,-1.586275054038395,-6.0714264479602065
-5.6565037744670015,-7.547617524096392,6.448906757645295,1.7716176641845585,4.5853214816533585
-12.779151244611194,9.249555592877982,5.744621832332493,-5.104823360483244,-5.658434374805685
-1.6443621784691005,9.481161360013626,9.258200048910957,3.652532051092597,-7.07150357837242
-7.642319889746913,-9.059998234862217,6.643650301964183,4.201001536570294,4.651568702824389
-2.337856150059691,9.239738770391138,4.094460517907318,1.8877512483591308,-6.417924537813182
-3.329486034913338,8.965156222874324,3.824741679527454,0.9039010099249856,-6.719981849613425
-7.073720573271647,7.979936723325789,4.918827050114497,-4.047245972887383,-5.855671341429116
-4.387904344683919,-8.806998024192067,7.669574274076728,0.13205308710530517,3.2369094438616925
-11.90690479412005,11.782955510510913,7.509959647349437,-3.6538258187157866,-8.37669227858566
-8.460633221995478,-10.4400321390048,8.748984303459068,4.588220293737064,4.004777728114702
-7.79478394975502,-9.039353506645387,7.345555207592499,0.8449527652408158,5.133872206686697
-8.094514873158415,-8.202236189939876,6.612763894892329,2.000621828546757,4.980877927926458
-4.653935550471999,-8.30490773345752,6.853935869713972,2.021237342999207,2.285839954966333
-5.054371812037702,-6.556353678752333,8.820989262720644,1.374869765787103,4.767046691425823
-7.004767952218989,-11.095408317682514,8.463606861033107,2.1459598642659308,1.975124306723513
-5.048632844345828,8.866776688006198,3.156992175501725,0.3177857081170756,-6.609785964421052
-6.252512261942921,-6.735929867216367,8.299198054302911,-0.23232021777555145,5.739372982505287
-2.0874104870986865,9.170587784126136,4.545989144378818,0.8422228006407175,-7.300639806451431
-2.456302295095157,7.964697866209443,4.960848702329434,1.8046776094044872,-7.211081590451105
-3.548555419746611,7.936675229844525,5.982265401644764,1.5307451665026903,-5.00801408214067
-12.76936034303655,8.487899276454122,7.3353826950887635,-9.874475050522328,-7.113095920085433
-6.067625069177285,-4.915428216236591,0.7920036336578705,-2.272308058588146,-4.781960185074196
